id;text;label
csis_3399;"pengguna kata cebong;  ah.. telur naik cuma 3000an saja berisik, dasar kampret miskin... '";hate
csis_5276;pengguna asing teriak asing kaum munafik';hate
csis_7698;pengguna pengguna lagi belajar merayu pak jokowi ingin jadi menteri....barangkali;hate
csis_8801;pengguna pengguna pengguna pengguna pengguna pengguna pengguna wah nih manusia idiot di jawab malah berbicara melantur bukan pikir sudah belajar dulu sana dasar goblok sok pintar tapi bloon';hate
csis_11864;rt pengguna pengguna kata mas budi kumpul orang bodoh/gila dalam jumlah besar. murah biayanya... uniform resource locator;hate
csis_1672;pengguna pengguna makanya plonga plongo.wong kepalanya tidak ada alias otaknya dungu.';hate
csis_5914;tidak usah banyak protes.apa anies konsisten dengan janji kampanye.klu janji tidak terealisasi harusnya di batalkan jadi gubernur;hate
csis_3505;betul. ayo penjarakan koruptor sumber waras.;hate
csis_4962;pengguna pengguna wan bangau kelihatan cupu nya,,, kelomang sana sama emak ';hate
csis_14008;ekokuntadhi wkwk ini adalah sih lius cina yang benar komunis;hate
csis_13624;rt @USER: angin memporakporandakan basis pemenangan sih penista agama...cililitan. ya allah ampuni kami #jakartabanjir;hate
csis_2141;pengguna kayak tai congor jablay lebar kayak anjing';hate
csis_12109;pengguna pengguna pengguna pengguna pengguna kita lihat saja cacing sarden sama cebong lagi mencari dukungan ke ulama.;hate
csis_2503;pengguna aku :( anak kampang ggggg';hate
csis_2365;"mereka semua memang tidak bisa menghargai pribumi atau minimal berlaku sopan sebagai tamu,mereka itu sejatinya perampas hak pribumi...; #stoptkachina; #2019gantipresiden";hate
csis_12052;mari cari pemimpin yang berkualitas...bukan nyinyir jalanan kayak prabowo uniform resource locator;hate
csis_4630;pengguna pengguna apa sih yang tidak mau dikuasai oleh onta pengecut itu? pasti ada saja hubung nya....';hate
csis_25410;ilmiah muda anomali fr kristen itu sesat menyesatkan bisa nya mengakui kalau lai sesuai kaidah bahasa indonesia kamus besar bahasa indonesia kalau benr sesuai kamus besar bahasa indonesia yang benar prtnyaan iya siapa tuhanmu atau siapa allah mu sila ke pancasila ketuhanan apa keallahan sudah sesat anti pancasila;hate
csis_6163;pengguna saya percaya kpk. saya tidak percaya susilo bambang yudhoyono dan demokrat. demokrat katakan tidak pada(hal) korupsi.;hate
csis_3578;pengguna jadi kesimpulannya kamu kenapa bego v?';hate
csis_20756;ha bagaimana bagaimana syiah lgbt kamu bela prof itu gelar bukan sembarang gelar kan;hate
csis_3897;gila ya ini rezim jongos cina;hate
csis_19863;syiah merapat semua ke kekuasaan seolah syiah mewakili islam buzzer syiah juga di kerahkan syiah dan komunis bersatu surat pemberitahuan tahunan di suriah syiah dan komunis rusia juga bersatu menghantam islam bangun umat islam kalian syiah itu bukan bagian dari islam karena mereka benci kita;hate
csis_9962;pengguna namun aku raih yang sebaliknya gue matre yang bayarkan dia padahal bukan itu faktanya dasar kamu banci potong saja itunya #fukonserawlex uniform resource locator;hate
csis_21849;suruh baca sejarah pengkhianatan masyarakat tionghoa di jogjakarta itu;hate
csis_651;pengguna eh dungu, apa kamu masih mention mention gue, katanya mau memuter alun gue. lu itu cuma bisa forward berita tanpa analisa. kelompok manusia homo mana ada yang cerdas wkwk wkwk wk';hate
csis_741;bagus....nanti dipakai untuk petisi lengserkan jokowi ya kembalikan ahok ke cipinang;hate
csis_11136;#matanajwadebatjakarta pak anies sudah meninggalkan ketenangan dan ketulusannya dalam debat malam ini, menjadi agitatif dan licik. semoga kalah kamu anjing;hate
csis_7904;allah subhanahu wa taala memang bukan tuhan, berwasiat bukti dungu & biadab;hate
csis_13643;"""tangkap ahok sekarang juga, bagikan jika setuju !!!""";hate
csis_3207;"rt @USER: pengguna pengguna pengguna iya betul sih vivin tai !!! dasar pelakor,,,ngaku"" alexa alda daripada rico baj'";hate
csis_24035;waktu ahok jadi gubernur jakarta warga lokal di tindas bangsa cina tionghoa di lindungi cina di jakarta kurang ajar dan belaga waktu ahok jadi gubernus untung sekarang pak anies yang jadi gubernur jakarta cina tionghoa tidak bisa macam dan kurang ajar;hate
csis_12336;rt pengguna infrastruktur yang mana era susilo bambang yudhoyono bangun setahu saya tidak ada;hate
csis_10921;cina usir saja semua dari indonesia.kita lihat siapa yang miskin lebih dahulu;hate
csis_483;pengguna as clara - anak pinter - dongo - paling koplak - cantik tapi idot :( - tak tau malu  - urat malu putus - butt dia muka nya imut bgt';hate
csis_26024;harusnya kelompok ini sudah dimusnahkan saja keberadaannya hanya menyengsarakan masyarakat papua bukannya memberi manfaat jokowi majukan bangsa;hate
csis_7411;rt pengguna pengguna semakin baik komisi pemberantasan korupsi menangkap koruptor semakin menunjukkan komisi pemberantasan korupsi gagal. bubarkan serahkan kepolisian dan kejaksaan;hate
csis_12411;kacau, palsu, sok cantik, munafik, pembohongan publik, sensasi dan yang pasti bencong uniform resource locator;hate
csis_6660;setuju... usir saja keturunan arab, india, cina termasuk kamu zul. uniform resource locator;hate
csis_10005;pengguna produk gagal, masih ada yang mau beli tidak ya... mana semuanya pecundang pula. eh tapi om masa tidak ada persediaan kaos dari tim negara negara onta? payah itu yang bikin, tidak tau selera pasar skrg. ';hate
csis_6278;pengguna tetap saja jakarta 58 dan kecoak 212 tetap jadi kacung asing ya..';hate
csis_11488;siap-siap antek asing asing komunis kapitalis liberalis ateis wahyudi;hate
csis_17288;selalu siap dukungmui bersama ulama amp pejuangnkri perlawanan ini bukan dari ras suku etnis agama tetapi melawan kemungkaran dan kedzoliman dari pkigayabaru amp liberal syiah ahmadiyah yang kan menghancurkn negara kesatuan republik indonesia;hate
csis_5473;pengguna artinya kecebong itu antek komunis;hate
csis_20546;salah satu pentolan syiah di indonesia itu waspadalah;hate
csis_18073;kenapa ahmadiyah tidak dimasukan saja dalam nu jadi organisasi masyarakat nu kah cabang nu kah aliran nu kah sekalian semua ajaran sesat kalau bisa cari nabi baru untuk nu sekalian;hate
csis_2755;bahas kebangsaan harus dijelaskan tuhan yang maha esa dalam pancasila untuk semua orang indonesia, allah subhanahu wa taala benci kafir bukan tuhan;hate
csis_12932;kalau gubernur ahok masih eksis terus ada kasus bayi debora. hmm...rasakeenn!;hate
csis_5634;setuju! bubarkan kpk! angkat pengguna jadi ketua badan pemberantasan korupsi berikutnya!!! uniform resource locator;hate
csis_10012;rt pengguna bubarkan dewan perwakilan rakyat asli negara tetap berjalan;hate
csis_2494;pengguna itu yang mencaci ulama siapa memang nya kalau bukan orang kafir dan munafik,,,,pake otak mu pekok';hate
csis_984;betul. susilo bambang yudhoyono secara objektif lebih mumpuni. politisi indonesia terhebat saat ini. tidak kayak jokowi, tidak pantas jadi presiden uniform resource locator;hate
csis_10623;rt @USER: goblok kamu asli. uniform resource locator;hate
csis_3571;pengguna memang mereka yang ingin nikah muntah depan congor lu? pakai acara jijik jijay. mampus disalty-in';hate
csis_13749;faktanya cina cina parasit itu mengotot membela sih penista agama @USER @USER @USER @USER @USER;hate
csis_3256;pengguna kupas tuntas gebuk habis antek antek komunis.;hate
csis_11407;rt pengguna bukti apa?dengan masuknya investor cina dan buruh cina ke indonesia apa itu kurang bukti?;hate
csis_882;pengguna ya allah itu yang daniel kalau dibelikan micin yang bego sekelurahan itu';hate
csis_7586;rt @USER: saat semua yang ditakutkan dari prabowo sudah dilakukan dengan sukses oleh jokowi apakah masih perlu takut sama prabowo?;hate
csis_7579;anies-sandi gunakan produk saracen uniform resource locator;hate
csis_9085;bukan caci maki lagi, 7 juta bahkan 10 juta siap lengserkan jokowi, coba pasti salah jokowi lagi..;hate
csis_12752;orang kok munafik ..smpe kapan juga kayak gtu';hate
csis_12125;"pengguna secuil ketulusan &amp; keikhlasan sandiaga uno yang haiz seorang wakil gubernur... dapat membuat sia""1000x pencitraan sang ambisius...";hate
csis_7102;pengguna negeri sontoloyo ini.. gak jelas status hukum nya';hate
csis_3894;rt pengguna wah kemunduran! 6 tahun lalu kesimpulannya sudah bubarkan komisi pemberantasan korupsi uniform resource locator;hate
csis_12652;pengguna woy, pengguna goblok...mo loud goreng gak? manusia bajingan kayak loud biasanya suka nih sama yang beginian...';hate
csis_11891;"hanya manusia dungu, yang mengaku beragama tapi panduan kitab sucinya fiksi belaka.; ; contoh di islam, kitab sucinya al-qur'an, sumbernya dari firman firman allah swt. jika al-qur'an dianggap fiksi, lalu al-hadist mau dianggap apa oleh sih dungu?";hate
csis_8722;#iklanahokjahat teroris nyata di indonesia... bukan wahabi, bukan onta tapi babi babi milik cina penebar teror sesungguhnya....;hate
csis_12243;pengguna pengguna pengguna pengguna pengguna pengguna pengguna pengguna pengguna pengguna bacot kamu wan, tidak ada yang mencarikan kamu yakin dah';hate
csis_5076;mungkin harus dimulai dengan lepas politik label? antek orde baru kanan fundamentalis;hate
csis_9703;rt pengguna karena jokowi dan ahok hater pendukung prabowo;hate
csis_16888;kalian kira bisa menyesatkan orang beriman otak dipakai masalah akhirat kok menipu memang tidak takut dibakar dineraka yang kalian sesatkan itu orang yang sudah tersesat karena tidak mau ikut mazhab surat pemberitahuan tahunan salafi wahabi jil syiah dan lain lain silakan kalau mau masuk neraka bersama mereka;hate
csis_537;rt pengguna pengguna pengguna baru tiga tahun sudah sebegitu ya bentar lagi lewat utang susilo bambang yudhoyono njiiieng;hate
csis_2835;rt @USER: hanya pemerintah dan negara komunis tidak mengakui pancasila tidak bertuhan yang tidak peduli amanat penderitaan rakyat.;hate
csis_3936;rt pengguna apalagi kekayaan sby, hasil korupsi semua;hate
csis_10636;pengguna banci kaleng...';hate
csis_7915;pengguna pengguna ya tuhan panjang banget critanya. intinya agensinya berengsek emang';hate
csis_5639;"pengguna pengguna kan sudah biasa ? kecuali kalau dari kontra jokowi, jangankan baliho yang membunuh... kentutnya saja kalau kecium&amp;nyenggol hidung cebong bisa viral sebulan penuh '";hate
csis_21043;sebab ahmadiyah bukan islam sebab ahmadiyah mnjahat kan islam;hate
csis_4356;rt @USER: pengguna pengguna pengguna kebanyakan alasan... si banci belum itu cuma takut malu... uniform resource locator;hate
csis_2567;pengguna pak pengguna tujuan hidup muslim beribadah ke allah subhanahu wa taala bertentangan dengan kepentingan bangsa & negara;hate
csis_21114;jangan mengakui muslim kalau benci muslim cuma kaum liberal dan syiah yang benci muslim;hate
csis_18728;ini kelakuan syiah laknatullah ukb sangat berani dan jelas terangkan tentang sepak terjang syiah;hate
csis_4586;dipaksa bersalah bahkan di intimidasi dari berbagai kasus hukum yang diciptakan oleh aparat penjaga rezim diktator;hate
csis_8438;pengguna gue tidak baca bodo!';hate
csis_9309;di pilihan kepala daerah daerah khusus ibukota 2017 yang didengungkan soal agama tapi dipemilihan presiden sekarang yang didengungkan ganti presiden,sampai2 di takjil dilabeli ganti presiden, dasar munafik';hate
csis_18791;sejiwa kalau muslim pasti paham apa motifnya sejelek muslim pun yang tersisa sedikit iman di hatinya kecuali kafir munafik syiah ahmadiyah liberal celup nu bengkok barisan serba guna mabuk dan kawan kawan;hate
csis_4012;pengguna mulut banci.ngurus diri sendiri aja.belum tentu benar. dasar dasar iblis benar berujud manusia. muncul jelang pilkada.syaraf user';hate
csis_19440;jelas dong nah kalau syiah itu pengacau;hate
csis_3800;pengguna 11 gb raib dicuri oleh penyedianya sendiri pengguna kan kampret';hate
csis_4862;"cc pengguna user; woyyyyyyyyyyyy bangsat anjing badak monyet congor kamu koar koar jokowi presiden berutang oi monyet bangsat sementara kamu menunggak tidak bayar listrik benar benar bangsat kamu";hate
csis_20661;mungkin islam aliran ahmadiyah dia cent;hate
csis_11149;wah kalau di indonesia bisa diboikot itu banknya. iran negara islam saja terima uang cina uniform resource locator;hate
csis_6158;rt @USER: prestasi ahok,  selain menjadi mafia koruptor dan penista agama, dirinya berhasil tenggelamkan jakarta melalui congoran cebong;hate
csis_1018;pengguna pengguna  bilangnya anti asing, aseng, asong dan kofar, kafir, kampretttt.ternyata manusia muna... semua kalian,user suka juga rupanya sama asing sampai impor bawang puti;hate
csis_17535;menambah menambah nabi dalam islam apapun alasannya tidak dibenarkan ingatlah kejadian masjid dhirar ahmadiyah silakan buat agama sendiri tapi jangan menyebarkan ada nabi setelah nabi muhammad dan mengakui islam sama saja menyebarkan kesesat dan jelas wajib dihentikan;hate
csis_5178;ayo lengserkan jokowi. dimulai dari bugis.;hate
csis_20784;kalau tidak ada partai komunis indonesia dan syiah indonesia sudah maju dari dulu;hate
csis_11721;"bongkar terus pak pengguna siapa itu mereka yang berusaha ""membeli"" bapak dan partai bapak ,kami rakyat indonesia akan mendukung siapapun yang berani melawan kekuatan para penjajah modern itu pak .; #2019gantipresiden ; #jokowiend2019";hate
csis_12749;pengguna buajingan.  gw tidak peduli aksi-aksi kemaren. katanya murni panggilan modal sendiri. balikin duit gue bajingan.  gegayaan panggilan allah. modal sendiri, ternyata make duit jamaah.';hate
csis_4642;pengguna pengguna komisi pemberantasan korupsi nya bubarkan saja.. di gaji dari uang rakyat hanya untuk menjadi pemain dagelan lenong bocah...;hate
csis_17697;ekokuntadhi kalau bicara agama jadinya panjang x lebar x tinggi deh di kampung saya juga banyak kok ahmadiyah ya mereka memang diam saja tidak berani show up lagi saya tidak membenarkan kekerasan ya tetapi ahmadiyah ini memang menyimpang ya terserah kalian saja lah semua orang bebas untuk beropini;hate
csis_1701;pengguna pengguna pengguna pengguna pengguna  najis mugholadoh user';hate
csis_1295;pengguna orang edan koe';hate
csis_7425;"pengguna aku kira cuma prabowo paling lucu melawak lewat novel fiksi ""ghost fleet"".. kamu lebih lucu,zul...tpi juga paling bego.'";hate
csis_3334;pengguna pengguna najis banget kamu berdua kenapa sih bully adik atip';hate
csis_2298;pengguna ya kamu bacot bngst';hate
csis_3648;people yang teriak teriak ganyang partai komunis indonesia ini pasti jaman menonton layar tancap film gerakan 30 september partai komunis indonesia duduk depan diri;hate
csis_1172;pengguna pak pengguna proses buang islam tak boleh main paksa, tapi harus dilakukan dengan kesadaran sendiri;hate
csis_9911;pengguna pengungsi asing bukan pengungsi asing dodol';hate
csis_20970;nih orang beserta teman seperjuangannya kok masih saja berkeliaran sih kamu syiah ya fitnah wahabi muluk semua ulama yang lurus kamu sentil tidak ada pekerjaan lain apa kamu usil banget sama para ustaz;hate
csis_19099;id kalau ada kata wahabi itu pekerjaan orang syiah liberal dan islamphobia;hate
csis_8692;pengusaha cina : kalau reklamasi pulau tidak batal, jokowi kami lengserkan! uniform resource locator;hate
csis_9919;rt @USER: pengguna  user  user  kalau kunyuk ini tidak ditindak,pemerintah dan pak jokowi pantas disebut lemah? user';hate
csis_2455;pengguna cebong mana mengerti wkwkw';hate
csis_20128;masjid adalah milik kaum muslim bu ahmadiyah adalah bukan muslim aneh kenapa kelompok ini tidak pernah di paksa bikin agama sendiri ya malah di bela bela alissa wahid saya heran polisi diam saat lihat masjid dirusak;hate
csis_12011;rt @USER: yang bilang pencitraan itu justru sedang melakukan pencitraan itu sendiri. tepat kayak prabowo;hate
csis_9667;pengguna pengguna dasar cebong, kalau diangkat malah mati.';hate
csis_7424;hanya di era pengguna saja, ketika komunis dibiarkan berkembang pengguna;hate
csis_12417;pengguna pengguna pengguna pengguna pengguna bapak reformasi tidak seharusnya seperti itu. harus nya memberi contoh yang baik, bukan banyak cocot.';hate
csis_3758;pengguna banyak orang terlanjur kerja agamanya.. sing koyok ini kok bu neno tidak muncul sih membela yang ditipu.. kuduuu ikhlas sabar pasrahhh karena sing menipu sesama muslim.. bego dipelihara.. cpd';hate
csis_6248;harusnya pemerintah indonesia mengeluarkan rancangan undang undang anti budha, biar buddha di indonesia di usir dari indonesia;hate
csis_18097;situ mengakuinya islam urusan kitab suci kok tidak jelas itu bagaimana kalau islam itu dalilnya sudah jelas pasti al qur an dan tidak ada didalamnya disebut nabi yang namanya mirzha ghulam ahmad berarti dia itu nabi palsu sebab itu ya pantas jika ahmadiyah itu bukan islam tobatlah jika mau selamat;hate
csis_1786;ini semua berawal dari ahok jamban yang dibela aparat, para kristen serta cina kafir yang lain semakin berani menghi uniform resource locator;hate
csis_14035;aku ingin kuliah di cina kalau bangun tidur aku tidur lagi soalnya jadi sipit;hate
csis_11190;pengguna berengsek kamu lama lama..jd ber politik';hate
csis_9572;pengguna kunyuk nih orang ...jng kasih kendor nih segera cyduk.';hate
csis_12507;"gelombang tenaga kerja asing asal cina berbondong-bondong memasuki kota kendari, sulawesi tengah ; duh...mirisnya nasib anak bangsaku !; #2019gantipresiden";hate
csis_11261;ramos yang aku pandang idola dahulu, sekarang sudah ku anggap jijik babi kmk';hate
csis_12116;pengguna pengguna pengguna mau debat sama anak yang dikuliahi tapi bisa dibegoin? bajingan memang orang kayak kamu ya bikin indon sengsara uniform resource locator;hate
csis_8782;pengguna pengguna yang menurun itu perhatian pemerintah pada rakyatnya yang mengakibatkan banyak pengangguran karena banyaknya tenaga kerja asing yang masuk jadi ini sangat merugikan rakyat tolong jangan insfrastruktur saja yang diurusi tapi kebutuhan bahan pokok semua naik.';hate
csis_7605;front pembela islam siap gelar jihad konstitusional untuk lengserkan jokowi uniform resource locator bijak berpendapat ini baru indonesia mohabbatein;hate
csis_5868;"pengguna pengguna tidak peduli ; reply-ku menyambung apa enggak, ; yang penting ; #2019gantipresiden; #2019gantipresiden; #2019gantipresiden; #2019gantipresiden; #2019gantipresiden; #2019gantipresiden; #2019gantipresiden; #2019gantipresiden; #2019gantip";hate
csis_3386;rt @USER: #iklanahokjahat bikin darah mendidih. bangsat penuh dengan propaganda. memang kamu kira islam radikal ?kalau kami mau;hate
csis_19220;lah ahmadiyah sih anjing;hate
csis_11855;"rt pengguna pengguna tebang pilih pilih ditebang; bubarkan saja pengguna dan bentuk lembaga baru yang benar benar independent.";hate
csis_8655;pengguna diradio? tapi anda bisa melihat ya.. wah bolot';hate
csis_8303;pengguna hobi membodohi org mencerca..... ngedunguin org,dan menyebut orang seenak jidat sendiri (kacung, cebong), tetap sok care dengan hak asasi manusia, itu ibaratnya jijik lihat orang lain panuan, sementara dirinya penuh dengan panu.......';hate
csis_4499;ayo lengserkan pengguna 2019 jangan kasih ampun;hate
csis_4462;"rt pengguna pengguna hanya di rezim diktator &amp; otoriter sekarang ini. ibu-ibu ulama mahasiswa dan tokoh-tokoh muslim dijadikan tahanan politik";hate
csis_10626;pengguna pengguna pengguna pengguna pengguna pengguna pengguna pengguna namanya juga bani onta peminum ekstrak tinja al urine onta pengguna ... ngoaahahaa';hate
csis_26285;memang semua pendeta mu tidak ada yang benci islam lah saifuddin itu apa goblokkkk dia bagian dari kristen radikal kayak kkb bukan;hate
csis_20873;tetapi memang tidak bisa disamakan dengan katolik dan kristen ya nder karena ahmadiyah dan islam memang beda;hate
csis_4209;pengguna pengguna anjing komunis penista islam!!!';hate
csis_14011;indonesia hanya mensubsidi cina komunis triliun pertahun dengan kontrak tahun sampai yang akan datang;hate
csis_3796;pengguna cebong sana sini cari simpatisan.dan popularitas';hate
csis_13878;"""betul bang hancurkan mereka bang, musnahkan cina babi di bumi pertiwi indonesia, berkedok reklamasi itu ahok""";hate
csis_7924;"jadi orang"" yang marah karena merasa tertipu oleh janji"" palsu jokowi juga bakal dilaporkan polisi satu"" nih? dasar gila!";hate
csis_13713;@USER memang ahok siapa?? orang penting?? dia hanya penista agama!!;hate
csis_17148;ahmadiyah melanggar ham umat islam lah kalau komisi nasional ham membela ahmadiyah berarti melanggar ham juga dong;hate
csis_12198;pengguna pengguna pengguna memang otak kamu bersih cebong dungu bau got juga';hate
csis_3185;muslim indonesia lebih maju berhenti menyembah nyembah allah subhanahu wa taala yang ngoceh: aku jatuhkan ketakutan ke hati orang-2 kafir (8:12);hate
csis_1419;pengguna dulu waktu kampanye pak jokowi,berkoar2 menjanjikan, tarif listrik tidak naik,bbm tidak naik,menciptakan 10000 lapangan kerja, tapi nyatanya,,nonsens itu semua,, apa ini yang di bilang tidak cacat?????';hate
csis_4719;kami lebih resah anda jadi presiden!!!! hidup anda penuh drama dan pencitraan, main film televisi saja joko judulnya uniform resource locator;hate
csis_4396;"pengguna membenci yang membit'ah-kan ego, apakah tendensius ego yang alergi ke-arab2an juga terkover dalam kafir mbah? lalu siapakah yang tertawa,,""";hate
csis_13928;coba saja kamu bikin penundaan pemilihan umum mau lihat ini indonesia merah membara mau lihat jalan di indonesia banjir darah nya orang jawa dan cina;hate
csis_4130;berengsek nih orang tua #taubateps31';hate
csis_6756;rt pengguna mending kamu memberitakan menteri joko atau jokowi nya yang mundur karena gagal hadirkan pemerintah yang berkualitas minimal ber intelligence quotient;hate
csis_16941;kafirnw bakarlah mesjid ahmadiyah dengan santun dan penuh kasih sayang;hate
csis_7672;pengguna pengguna pengguna pengguna kasih tau sama sih pengguna ah... supaya jangan banyak cocot yang tidak berguna.';hate
csis_12765;seluruh masyarakat ntt: turunkan setya novanto dari ketua dan pecat dari dewan perwakilan rakyat ri, rakyat ntt har?;hate
csis_1009;pengguna pengguna karena partaimu partai demokrasi indonesia perjuangan itu bajingan';hate
csis_9083;cunnnn lah malaysia bolot habis 5-0 fuhhh';hate
csis_10165;ah itu perasaan kamu aja. bukti nya muslim rohingya di usir dari myanmar karena memerkosa gadis budha. itu tanda nya bejat...!!!;hate
csis_9203;pengguna alah drama banget sudah bangsad';hate
csis_2753;pengguna cebong adalah percaya saja di bohongi meme';hate
csis_5597;diem-diem bae, rupiah makin nyungsep atas dolar. sudah tembus rp. 14.441 aja. sebenarnya gue malah senang kalau langsung tembus 16 ribu. biar cepat lengser nih rezim kodok!';hate
csis_6355;"tidak usah sok-sokan kali mau mengurus lahan yang lain pak, cak lah kok urus dulu wakilmu itu kok sudah betul baru lah kok ikut pilihan kepala daerah lagi ya ; #pilgubsu2018 #sumut #register40 #bajaktanah #djarotcalonnapi #pilkada2018";hate
csis_4471;pengguna pengguna pengguna cebong baru netas. disuruh menyerang saya..? ';hate
csis_3934;agama jalan hidup benar, bukan menyembah nyembah allah subhanahu wa taala dikira tuhan benar, padahal dungu & biadab;hate
csis_20856;zens ada asap pasti ada apinya sudah jelas ahmadiyah dilarang;hate
csis_7951;pengguna pantas bolot gini';hate
csis_13685;sylvi kelihatan beloonnya #debatfinalpilkadajkt;hate
csis_7076;bencong macam ivan kamu percaya...hadeuhh kakak nya jadi perebut laki orang saja bangga ... ya iyalah dia bilang hidup enggak usah jujur jujur amat, dese hobi boboin lekong mulu saban ke bali';hate
csis_2707;pengguna pengguna pengguna lekong;hate
csis_3173;pengguna mudah mudahan keluarga sih gerung kena bom...';hate
csis_10091;bukber. ekspetasi gue ya flasback membahas ngegoblokin yang pernah dilakukan pas sekola, biar have fun. realitanya cuma bahas kerjaan, menyombongkan diri, menganggap tempat kerjanya sekarang yang terbaik. kan kontol bangsat   dasar adit,fajar,ilmah kamu pada !';hate
csis_12959;pengguna pengguna pengguna kalau pemerintah marah berarti 100% ini rezim komunis;hate
csis_5218;pengguna calon wakil presiden jokowi siapa saja saya setuju asal bukan para bani kampret sebelah itu';hate
csis_7476;kalau partai komunis indonesia bunuh orang islam itu karena mereka anti agama, tapi kalau orang islam bantai partai komunis indonesia itu karena jihad membela diri partai komunis indonesia yang memulai;hate
csis_5512;"retweeted #2019gantipresiden (user):; ; tenda abang becak mau disita polisi karena tulisan #2019gantipresiden";hate
csis_5645;boleh bodoh tegak tai manusia nih  uniform resource locator;hate
csis_2096;rt pengguna saat ar sehat saja jadi calon presiden dia dipukul oleh susilo bambang yudhoyono apalagi jelang pikun atau malah sudah pikun;hate
csis_9683;solusinya cuma 2!! 1. lengserkan jokowi sekarang juga 2. khilafah;hate
csis_18631;majelis ulama indonesia sudah fatwakan tinggal pemerintah saja tegas ahmadiyah bukan islam kalau mau menganut jangan mengaku sebagai muslim umumkan beres;hate
csis_9078;pengguna pengguna wakil gubernur 1 tingkah lakunya dalam berpakaian kayak anak kecil saja padahal seorang pejabat pemerintahan stres kali nih orang. ???;hate
csis_6635;"nih gue lengkapi dengan videonya..!!!; ; ""kitab suci itu adalah fiksi"" pengguna ; ; penista agama itu bernama pengguna";hate
csis_3422;pengguna itu artinya bacot lo';hate
csis_11541;pengguna pengguna babi kamu ini yha mungkin lahir dari bani babi kamu ini , anjing lah kamu ini , kau berbicara menteri selangkangan tapi majikan kamu bini nya selingkuh 7 tahun  itu yang cocok menteri selangkangan 7 tahun coy , hrs kamu tuduh begitu;hate
csis_13662;rt @USER: @USER gara gara membela terdakwa penista agama jadi remuk semua. sukurin;hate
csis_18478;luest iya betul itu lupa kalau ahmadiyah sesat;hate
csis_5252;senang ngeliatnya. adem dan akrab banget. serasa selevel gesture dan perkataan keduanya. yang kemarin naik chopper pencitraan silakan mencebur saja di laut selatan ya.;hate
csis_2844;#htibubar7mei kacung kacung rezim lagi pengalihan issu..issu apa lagi ya ??? sudah jelas bubar di bahas lg...dasar kaum dungu';hate
csis_4558;pengguna idiot kira kira donk.. islammu yang mana,.. kalian itu tidak lebih dari gerombolan penjual ayat dan agama islam,.. dungu di rawat, jadi kalian tak akan pernah bisa bedakan benar dan salah , rocky gerung mengatakan islam fiksi saja kamu pada tidak mengerti artinya;hate
csis_25412;didu di kristen kalau kayak anda ini kafir bos;hate
csis_13904;tolonglah buang orang cina yang support ccp balik tongshan mereka ingatkan komunis sangat baik ini boleh dilihat melalui perang rusia ukraine dan comments yang dibuat oleh mereka memang tiada otak semacam kehilangan perikemanusiaan anti komunis;hate
csis_6033;pengguna jiahahahhh sih bencong idiot galau apa mengeper nih ketahuan sering menyebarkan berita fitnah .......maklum sih gue sama bencong turunan gerwani surat pemberitahuan tahunan kamu itu cong,gak fitnah tidak makan kan .sama surat pemberitahuan tahunan pekerjaan kamu yang suka mangkal di emperan ....hihihihihihi';hate
csis_12787;pengguna berbicara tidak diatur. bodoh apa pikun? kurang literasi nih pak jenderal. lah orang habib kena kasus menghina pancasila kok katanya paham sekali. mabuk kecubung nih orang';hate
csis_10132;"berengsek gue sudah tobat. tiba"" video bokep muncul. terkutuk kamu boy yang nge rt in'";hate
csis_14001;iyasih orang cina rata rata manja;hate
csis_6234;pengguna pengguna hahahahahahahaha.. bawa perasaan bang? cebong pejuang kok bawa perasaan ';hate
csis_11211;pengguna giliran berita yang kayak begini para cebong bermunculan dari kolam, tetapi kemarin saat presiden kita dihina kalian para cebong pura pura tuli dan bisu,,, ternyata cinta kalian palsu..';hate
csis_5970;aduh dek jackson sama temannya ini sama sama berengsek ya uniform resource locator;hate
csis_6911;hati hati !, kali ini akan usir ahmadiyah , nanti kristen , menyusul budha, hindu lama lama sunni juga di usir...;hate
csis_23588;tai lu bangsattt tionghoa tukang korup;hate
csis_6431;rt pengguna karena partai komunis indonesia adalah cara soeharto menyingkirkan soekarno. sekarang mau ditiru oleh prabowo. mungkin karena masih menantu!;hate
csis_26319;apa masalah papua sih anjing;hate
csis_11022;pengguna maklum namanya juga bani pinggiran koreng';hate
csis_8067;pengguna ternyata gue salah sangka selama ini... dasar penipu bejat... laknat....sering disunat...!!!';hate
csis_8506;dimampuskan saja sudah itu kunyuk penyembah lembu uniform resource locator;hate
csis_3326;partai keadilan sejahtera jadi partai pelacur, beyek jadi germo apakah partai keadilan sejahtera tidak sadar bahwa susilo bambang yudhoyono otak dibalik kriminalisasi lhi, politiknya islam, pengkhianatan kepada prabowo-hatta, pelanggaran pemilihan presiden 2014, penghancuran citra islam 2010-2018? pks sudah disusupi antek be;hate
csis_12919;pengguna pengguna setiap bang fh ngetuit, cebong langsung berkumpul  spt lampu petromaks di kolam 200 ';hate
csis_1745;ya allah sinyal axis geblek banget dah';hate
csis_4402;"insya allah #2019gantipresiden ; insya allah #2019presidenbaru";hate
csis_10061;pengguna pengguna pengguna pengguna pengguna pengguna pengguna pengguna pengguna mampus kamu a dia juga sama kayak gue wkwk';hate
csis_9426;pengguna pengguna haha terus kok pikir kamu pintar gitu? berak sekebon! tertawa dah, sok iya banget padahal goblok dari awal. kebanyakan makan tai ahok lu. pakai ngeles sana sini lagi dasar cebong kafir intoleran sara munafik goblok hahahaha';hate
csis_8548;pengguna itulah sih ahok kutil babi;hate
csis_5068;pengguna pengguna pengguna memang loser sih. wkwk begini nih. gue benar benar tidak suka pacar gue dapat ginian. apaan. kalau suka berbicara langsung tidak usah cupu begitu anjg.';hate
csis_9337;agar muslim moderat tak jadi sasaran tembak, buang islam pengguna mui: kalau baru terduga sudah ditembak, tak setuju;hate
csis_6059;rt pengguna ayo jenderal tebarkan pesonamu demi 2019 jangan pengguna lagi lah calonnya;hate
csis_9087;pengguna pengguna anda pengguna twitter yang mendukung hak hak lgbt juga pengguna  kaca mana kaca!! congor harap dijaga';hate
csis_6645;pengguna pengguna rezim plonga plongo kacung china,uda plonga plongo dungu lagi hahahah';hate
csis_11642;pengguna pengguna korban cuci otak mayjen k. kunyuk.';hate
csis_11934;pengguna pengguna pengguna pengguna terlalu biasa andaa. dasaaaar bolot pusar lukaku';hate
csis_26279;ceramah sama liburan bedainlah lagi pula ceramahnya sesama muslim di indonesia bukan disingapore sama saja sama kristen ceramahnya sama jamaatnya bahkan isinya lebih parah yang lain disebut dombatersesat masa manusia disamakan sama hewan;hate
csis_10631;pengguna cebong tidak kan mengerti yang ginian. otak cuma aksesoris di kepala nya. #2019gantipresiden';hate
csis_25726;cebong pasti kristen walau kristen belum tentu cebong;hate
csis_5397;rezim anti islam..sampai kapan kamu zalimi ulama kami uniform resource locator;hate
csis_3492;"perbedaan banget sama adi. kalo adi mah, ""tuh kak, liat! gue bilang juga apa dia brengsek!"" yha. uniform resource locator";hate
csis_4681;pengguna pengguna rezim pembohong. kiraan 51% itu sudah positif di tangan. ternyata baru kesepakatan awal. dan itu non-binding, alias tak mengikat. semprulllll....';hate
csis_8425;rt pengguna pengguna bubarkan saja dewan perwakilan rakyat nya pasti stop korupsinya;hate
csis_9613;pengguna pak pengguna tak dapat bantah beriman pada allah subhanahu wa taala = beriman pada kebiadaban, wajib pelopori buang islam;hate
csis_1190;"pengguna ayo sudah dukung penuh 1.000%; yang jelas #2019gantipresiden";hate
csis_708;punya otak? taruh dimana? pasti taruh di congor kamu kan?';hate
csis_12743;"dalam kepala otak presiden?user?selalu curiga kepada rakyat, buruk sangka, dan takut ditagih janji.; ; sehingga apa saja yang dibuat dilakukan rakyat , presiden menuduh rakyat intoleransi dan sebut rakyat radikal, teroris dsb.; ; #tenggelamkanpdip?; #ting";hate
csis_18786;tidak mungkin yang dikoreksi islam terus sedangkan kristen syiah ahmadiyah kristenisasi partai komunis indonesia sekulerisme dibiarkan padahal perbuatannya sama intoleransi;hate
csis_2864;tunggu apa lagi?? batalkan pelantikan anies sandi;hate
csis_5950;yang ancam mau lengserkan jokowi bukan front pembela islam tapi alumni212,lgian apa ada undang undang yang mengatur kalau mau lengserkan jokowi harus permisi dulu ke pendukungnya;hate
csis_5553;sih bodoh tetapi sok jadi ulama', seperti paling paham agama aja. padahal mengajinya berlepotan tidak jelas;hate
csis_6864;pengguna alay banget tai tentara macam apa lo!? ngewe banget sih memang tentara ina gue malu';hate
csis_10882;pak pengguna sebagai muslim anda harus diintrogasi, mengatakan tuhan menciptakan segala sesuatu berpasangan;hate
csis_7442;lagu ari lasso silit memang';hate
csis_13919;cina bening nyaai pasti nyaman di jilat;hate
csis_11223;pengguna berengsek kamu gue tak mau di sontot sama sofil';hate
csis_6126;pengguna pengguna pengguna pengguna kalau mau perang hayok, dimana 1 by 1. pukul pukulan juga hayok. sampah! gara gara orang orang kayak kamu indonesia terpuruk. otak otot hayo!';hate
csis_3260;chirpified: ekonomi merosot utang bengkak badan usaha milik negara mau dijual. mundur saja pak jokowi;hate
csis_8675;jangan pernah takut dan bosan untuk bicara akan kebenaran kalau rezim ini dan pengikutnya adalah antek asing dan aseng. darurat demokrasi tipu;hate
csis_10250;jimin: *ngasih link* dasar maho. jin: sueeeee kamu membagikan apaan kamu kata gue mau sama dia idih ogaaaah rm: gue masih suka cewek buruan apussssssssssssss';hate
csis_6552;pengguna pengguna pengguna pengguna pengguna pengguna kamu bong tidak dengar jeritan petani??ga dengar jeritan petani garam?? apa jangan kamu bolot akut??...pemerataan apa yang kamu maksud bong?? gue mohon dengan sangat,,segeralah bersihkan kerak otak lumpur kamu yang sudah mengira;hate
csis_11400;rt pengguna prabowo lagi siapa keberanian maklum tong kosong nyaring bunyinya;hate
csis_2655;rt @USER: pengguna bubarkan dpr/dprd...bentuk panitia khusus hak angket dari rakyat untuk bekukan dpr/dprd;hate
csis_3416;pengguna yang ada di otaknya tentang kesetaraan gender cuma telanjang. dasar mesum cacad.';hate
csis_611;pengguna pengguna cebong tidak akan pernah senang lihat kejayaan pak anis mereka akan tetap sirik. yang parahnya kalau junjungan dipuji habis habisan meskipun melakukan hal buruk.';hate
csis_1764;"tiba tiba pada sadar bahwa bahasa ""kampret-cebong"" tidak pantas..setelah sekian lama menebar bahasa dengan segala sara dan kebencian...?? terus kata kata ""kafir, cina, pki..dsb...?? #munafik.'";hate
csis_68;lengserkan jokowi bangsat!!;hate
csis_18962;mereka yang anti agama bisa jadi paham pribadi mereka komunisme ateis liberalisme sekulerisme syiah ahmadiyah kristenisasi pancasila itu jelas dasarnya agama yaitu ketuhanan yang maha esa kemanusiaan yang adil dan beradab juga agama dan kalau tidak beradab dan tidak kemanusiaan biar mengaku beragama;hate
csis_3397;pengguna pengguna cara berpikir bayi tabung perpaduan sperma kampret dan onta.., jangan pernah diragukan lagi.';hate
csis_13980;jangan partai dia terinspirasi dari komunis cina isi otaknya mirip anjing gila;hate
csis_12276;hati-hati penjajah cina pakai cara belanda adu domba pribumi, sebelum terlambat usir para cina bangsat dari negara kesatuan republik indonesia;hate
csis_688;pengguna alah kntl';hate
csis_11346;pengguna hb bajingan, go to hell erd kamu lil lil tak mau mati, sudah tua menyusahkan org';hate
csis_13916;id periode saja rakyat menderita apalagi prode cina padati indonesia;hate
csis_382;perempuan kayak kamu mending mati saja deh, jelek aja, enggak usah sok jadi make up artist!;hate
csis_26312;iya deh pelaku bom bunuh diri orang kristen semua taliban al qaedah boko haram isis wkwk;hate
csis_6202;gue harus bilang babi ahok apa dong selain kafir, gue hanya ingin gerombolannya babi ahok merasakan bagaimana kalau di anjing2in, bangsat bangsatin;hate
csis_6875;pengguna pengguna pengguna pengguna eh kunyuk itu yang mengembat dana umrah kamu diam saja apa ikut kebagian ya';hate
csis_5636;sylvi kelihatan beloonnya #debatfinalpilkadajkt;hate
csis_11419;"rt pengguna bisa saja nih gerindra bikin jebakan ""batman"" kenapa tidak prabowo saja yang suruh menonton bareng film g30s.";hate
csis_6128;pengguna legislatif jancuk ';hate
csis_356;itu yang pada ribut komunis bla bla mungkin emoh baca. yang baca pun kalau punya niat agitasi menyerang pemerintah pakai ini cari simpatisan;hate
csis_454;pengguna mungkin mereka salah tulis atau salah sebut saja bu ...  mkst nya mungkin cebong muda kampungan , ';hate
csis_6302;kejar setoran ke cina sebelum pak djarot lengser. rezim jongos cina sangat membahayakan bangsa & negara, hukum, undang undang dan konstitusi dilabrak;hate
csis_10433;pengguna pengguna pengguna izinkan saya ketawa... hahahaha... bong...bong...pinter sedikit napa...dungu kok dipiara...';hate
csis_861;pengguna setelah itu aset negara dijual semua ya pak ruhut, hebat bener!! karena itu impor pangan merajalela, bahan bakar minyak naik membabi-buta, sepuluh juta lowongan kerja buat aseng, itulah hebatnya pak joko widodo, bikin rakyat dan negara semakin sengsara. hancur sudah;hate
csis_11544;kayanya, kementerian penerangan butuh dibangkitkan lagi. yutuber/selebgram bajingan sudah mulai overexposed.';hate
csis_12923;penjarakan ahok lengserkan jokowi komunis cina penistaan alqur'an penistaan agama kriminalisasi ulama kriminalisasi organisasi masyarakat islam;hate
csis_19960;fari bagus masih mending kafir bang dalam tanda kutip ya kalau ahmadiyah adalah bersembunyi di balik islam makanya termasuk ajaran sesat;hate
csis_18001;ayat alquran dan hadis yang mewajibkan jilbab itu sudah jelas jadi sudah tidak perlu tafsir kalau tafsir sudah berbeda dengan artinya itu sudah tafsir salah kaprah berarti dia tidak berpegang dengan alquran hadis tetapi dengan tafsir otaknya sendiri itulah jadinya muncul aliran sesat surat pemberitahuan tahunan syiah ldii salafi jil dan lain lain;hate
csis_7142;pengguna jijik kampang kamu main twit juga';hate
csis_4842;tanda tanda kiamat x yak, masih banyak saja orang muslim yang mengingkari al-quran dan pilih penista agama. #nomor2koruptor #nomor2koruptor;hate
csis_1104;pengguna pengguna pengguna pengguna pengguna pengguna pengguna kno gue bilang bencong itu hti? karena ikut makan duit pemerintahan yang sah skrg, tapi mau mengganti dasar pancasila negara dengan khilafah, apa tidak bencong itu namanya?;hate
csis_10734;pengguna babi kamulah maju kamu sini anjinggg!!';hate
csis_922;kamu yang goblok, kamu nonton tidak acara nya semalam? tidak ada beliau mengatakan islam fiksi, mana ada bukti video ny? kamu islam atau kafir ? kalau islam kebangetan kamu fitnah sesama muslim kalau kafir gue tidak heran;hate
csis_4537;pengguna pengguna pengguna pikiran anak bani kampret tidak beda jauh sama penista agama. penfitnah, penipu dan garong..;hate
csis_4024;pengguna awas ya kalau gue sudah jadi istrinya yang punya ciputra group, jangan panjat ke gue kamu kampang';hate
csis_6386;arjuna berjuang demi negara, jangan jadi muhammad demi mengakui nabi menista bangsa sendiri & menggulingkan pemerintah;hate
csis_11285;hee? bukannya kader situ yang berbicara mulu lebih tepatnya mentwit mulu tanpa faedah uniform resource locator;hate
csis_12057;pengguna antek komunis kejang kejang;hate
csis_993;bubarkan ikatan alumni universitas indonesia oi;hate
csis_12785;rt pengguna karena partai-partai pembuat gaduhnya oposisi tidak berhenti membuat gaduh... jaman susilo bambang yudhoyono mereka diam karena korupsi aman..;hate
csis_11587;pengguna pengguna tai kucing kamu ahh, pengecut!!';hate
csis_10354;rt pengguna pengguna siapa yang salah coba kalau begini? ya saracen plus buni yani lah orang iya tegas gubernur sama direktur rumah sakit kan cuma ahok.;hate
csis_8926;pak lukman mau menjelaskan indonesia baru tanpa islam masih perlu bicara pindah on terlebih dulu;hate
csis_9468;gerakan hari ini sekadar mengingatkan, kita pernah menentang sistem otoriter.. jangan sampai nanti tidak bisa mengkritik lagi baru menyesal.. pengguna otoriter;hate
csis_8177;fakta di pemilihan kepala daerah daerah khusus ibukota imbal jasa penjaminan pengguna dukung anises -sandi ! 2014 belum narkoba iya ! setelah jadi pecandu 1 tahun baru dukung anies sandi !!!;hate
csis_2686;pengguna pengguna nah kan bacotnya cebong kok sama semua ya?   mirip pki..';hate
csis_18827;bubarkan ahmadiyah seperti kalen membubarkan hati;hate
csis_12732;baguslah sudah pada bangga dengan sebutan cebong.';hate
csis_10593;jokowi kalah dengan demo. jokowi kalah dengan rizieq. jokowi kalah dengan fpi. lengserkan saja!!... mending rusak sekalian negara ini...bangsat!!;hate
csis_7648;cc pengguna ...... lagi nafsu.... tenaga kurang uniform resource locator;hate
csis_510;"kita balas di sini bagaimana kita usir buddha ""user: kurang ajar, etnis muslim rohingya disingkirkan dari data sensus penduduk myanmar";hate
csis_22610;gahahahaha mau mancing eh malah kamu yang kepancing gahahaha goblok permanen itu kan jawab dong kamu orang cina atau tionghoa kenapa marah;hate
csis_6256;pengguna pengguna gobloknya banget lek mempertahankan jokowi. utang banyak sing go bangun pirang persen? podo tidak melek data, picek!';hate
csis_17034;ya memang cebong buzzerrp kan kerjanya dibayar sama para penimbun minyak goreng sama sipit bangkai yang paham partai komunis indonesia syiah liberal mereka cuma bisa fitnah para intelektual ulama akademisi yang profesional alhasil komennya goublok;hate
csis_4115;#jakartabanjir pemimpinnya tidak punya akhlak yang baik... penista agama. HTTPURL;hate
csis_3884;pengguna pengguna kamu kampang';hate
csis_8669;pengguna pengguna pengguna pengguna pengguna pengguna pengguna pengguna goblok lu, kalau rizieq itu tukang bikin onar, wajar kalau orang muak sama dia.. siang teriak takbir malam chat mesum apa tidak munafik tuh, sudah begitu bikin orang bodoh kayak lu.. lah kalau istri;hate
csis_7439;mata najwa debat jakarta kalau untuk urusan bacot memang anis nya juaranya..memang kita bakal makan bacot di jakarta..haha..paslon yang aneh gede bacot doang.;hate
csis_2038;beda dengan muhammad arab buta huruf mengaku nabi, dipercaya sempurna padahal menebarkan kebiadaban: bunuh & cocok cocok penis;hate
csis_10450;pengguna pengguna buseeet nuzuuuk banget ke maling duit sih zumi jiah haha alumni 212 pikiran cuma bagaimana jadi maling bisa kasih makan onta nasi bungkus kalau lagi demoooo kwkwkwkw';hate
csis_17206;kawin kontrak halal menurut syiah wkwk memang syiah sama dengan islam tidak;hate
csis_5588;"entah apa tujuan sih kunyuk pakai foto &amp; nama gw. wtf!'";hate
csis_12935;pengguna bajingan anda user';hate
csis_1236;rt pengguna pengguna zaman pak susilo bambang yudhoyono antek-antek partai komunis indonesia tidak merajalela mengganas seperti masa sekarang.;hate
csis_472;"pengguna akun siti fatimah &amp; yang komen di lamannya, diringkas semua aja...parah &amp; bejat. memalukan...!!! bapak pengguna ...semoga sehat selalu, tetap sabar , &amp; semangat terus suarakan kebenaran....'";hate
csis_13946;alhamdulillah untung buatan allah kalau made in cina ya tak tau lagi;hate
csis_9527;pengguna kurang june, sudah jadi trio bangsat deh';hate
csis_19997;dia syiah kali pak kapan orang syiah tidak suka sama orang islam;hate
csis_3219;pengguna pengguna pengguna pengguna pengguna kenyataan bos. kita adalah tidak suka bikin hoaks seperti bani nya nabi ahoker ';hate
csis_1831;ayo buang alquran kitab sampah pengguna pengguna pengguna pengguna pengguna pengguna;hate
csis_24972;tenang para nelayan jika kamu ditabrak atau ditembaki yang selamat sampai daratan sikat lagi orang warga negara tionghoa di sana begitu saja repot;hate
csis_3733;apa layak memercayai kepengurusan negara kepada pemerintah yang bahkan tak mampu menemukan dokumen penting negara? uniform resource locator;hate
csis_3465;pengguna mampus lu. kalah kan lawan gua';hate
csis_5890;partai sinting indonesia uniform resource locator;hate
csis_12524;pengguna pengguna permintaan maaf sih kunyuk ini tidak ada artinya, otaknya tetap saja nyinyir';hate
csis_9791;pengguna kapan kita azankan nih mulut jamban.';hate
csis_11184;pengguna bacot apanya, gue mengulang perkataan gue gara gara kamu budek';hate
csis_20785;ahong iya rek komunis bin syiah;hate
csis_5631;rt @USER: cengeng kamu tai uniform resource locator;hate
csis_14026;seknas ri hakim yang akan menentukan nilai kesaksiannya nanti setelah tau hasilnya baru kita komentari saya tetap tidak bisa menerima logika kadrun makan pakai sendok sama saja dengan makan sendok meskipun sih kafir cina ahok telah menyelesaikan masa tahanannya;hate
csis_16866;syiah indonesia apa kabar syiah kribo dan cecunguk nya komen dong;hate
csis_11043;pengguna partai islam bro....yg benar benar tau dosanya...,bukan satu kasus ini tiga kasus,ternyata kaum munafik lebih parah dari orang kafir...';hate
csis_17984;memang syiah bukan islam itu bukan racist faktanya seperti itu haha kalian mengatakan saya kadrun dan mereka menagtakan saya cebong bukti kalian memang sama saja hanya beda posisi;hate
csis_10561;pengguna pengguna pengguna pengguna pengguna pengguna pengguna pengguna pengguna pengguna pengguna tidak pakai jilbab komunis..??..knalpot saja pakai saringan pak...sbg orang nu seharusnya bisa juga mulutnya punya saringan...';hate
csis_3956;pengguna pengguna setan itu semoga mencret 3 minggu berturut2, terus terlindas truk suhu';hate
csis_1294;bro pengguna jangan lupa dijenguk! gara-gara asma dewi kamu menang kan;hate
csis_1598;pengguna pengguna ya betul, seperti tuan guru bajang ini bisa membantu menyadarkan para kaum bani cabul ,bani kampret yang sering mempermainkan ayat ayat suci dalam setiap demo';hate
csis_11183;"pengguna pengguna pengguna lah anda yang dari awal tidak bisa berargumen, membicarakan kacung menyambung ke cebong kan goblok ente cari dulu arti ""kacung"" baru menyambung lagi'";hate
csis_7538;rt @USER: pengguna memanggilnya jangan pelan pelan mbak cebong budek smua';hate
csis_8552;saya percaya kpk. saya tidak percaya susilo bambang yudhoyono dan demokrat. demokrat katakan tidak pada(hal) korupsi. uniform resource locator;hate
csis_19033;gultom tpm nte sok tahu soal bohay sudah dibahas oleh al azhar mesir jadi tidak ada urusannya sama nte yang kafir kristen lah kamu adalah ngeles ajaram sesar ahmadiyah saja yang jelas masih mengaku bagian islam oleh kamu dbela ahmadiyah;hate
csis_14018;suruh pulang saja ke cina sana dia itu;hate
csis_7241;pengguna keren juga mas pengguna ini selain survei bo juga merangkap koordinator cebong ya  tl nya banyak dukungan dari bani cebong . mantrraaaf ';hate
csis_96;"pengguna pengguna masa baru kena tagar saja sudah kepanasan ??? ingin tahu banget ; ; #2019gantipresiden";hate
csis_4748;pengguna berani bayar berapa kamu ketek onta';hate
csis_4320;pengguna itulah para jongos dan antek antek aseng/asing penjual akidah, harga diri dan negara demi nafsu duniawi.';hate
csis_17089;memang ahmadiyah bukan islam karena mereka punya nabi baru;hate
csis_9206;indonesia jadi republik berisik sejak pengguna presiden... lengserkan jokowi;hate
csis_8737;pengguna pengguna kalau mau jujur kamu jangan cuma bacot saja zonk!!! gue tanya apa kamu sanggup kerja sempurna kalau jadi menteri ha !!? bacot doang kamu bisenye. biangkerok kamu ah apes !!!';hate
csis_9243;mampus kamu jawabannya salah semua.';hate
csis_10591;kebiadaban ahok cina kafir anak anak rakyat kecil pribumi dan ibu ibu islam semua digusur dari rumahnya serta kehidupannya;hate
csis_5433;ini kantor apa tempat pembuangan sih? anjirr bau bangkai bgt,,,, bgstt!';hate
csis_19195;cawang he halo yang merusak itu justru sih ahmadiyah dia sudah merusak ajaran agama islam kalau masjidnya tidak mau dirusak ya jangan bawa embel islam bikin agama sendiri jangan mengakui beragama islam;hate
csis_11722;pengguna pengguna wakil rakyat cocot tok...  ngomong apa berak';hate
csis_6571;pengguna kabur? pemain kamu saja yang dongo.... tribun kosong dipanjat.... haha  ... ah payah dah.. kontol2an.. haha';hate
csis_4564;pengguna kalau bapak punya bukti pak jokowi bagi bagi sembako pakai anggaran pendapatan dan belanja negara laporkan k poiisi, tetapi kalau tidak dan bukti cocot mu ojok mangap koyok bajul';hate
csis_7542;rt @USER: #ahokpastitumbang fakta di bilang fitnah #debatfinalpilkadajkt;hate
csis_5658;usir duta besar myanmar dari indonesia, tanah air negeri ini haram untuk mereka. dan teruntuk saudaraku umat budha... uniform resource locator;hate
csis_12645;bro pengguna jangan bilang tidak kenal sama yang menyebarkan saracen... uniform resource locator;hate
csis_441;celeng nya bang acon susah banget sudah \xa;hate
csis_8020;pengguna pengguna pengguna bicara kamu dasar ya jelas nasrani kafir';hate
csis_7980;pengguna pengguna kan banyak tenaga kerja asing cina yang masuk ke indonesia , mungkin termasuk bapaknya atau omnya yang datang , sekarang kan harus dicurigai cina cina yang ahoker itu.';hate
csis_7558;pengguna bonek jancuk suporter suci di indonesia tidak pernah maling gorengan dan tidak pernah jarah warung  bonek jancuk!! sory racist sudah tidak kuat menahan';hate
csis_13803;#matanajwadebatjakarta lucu banget jawaban ahok.. tidak nyambung. ditanya apa di jawab apa. kena sekak mat di pertanyaan isu agama tdi. dasar cina tolol haha;hate
csis_974;rt @USER: yang menebar kebencian itu ahok mbak,masa mbak tidak tau sih sampai dia jadi terdakwa lah pengguna;hate
csis_10031;puisi kampungan! sudahlah bodoh ilmu dunia, bodoh pula ilmu agamanya. innalillahi';hate
csis_13164;pengguna jangan asal berbicara ndasmu. congor kamu yang sekata kata anjyng';hate
csis_7158;bani taplak kotak-kotak menang...ini pasti konspirasi wahyudi remason!!!';hate
csis_12561;pengguna perusahaan transportasi online paling biadab yang tidak mengikuti undang undang no 22 tahun 2009dan menolak permen nomor 108th2017 perusahaan komunis yang didanai komunis cina';hate
csis_1940;rt @USER: pengguna pengguna pengguna kafir partai komunis indonesia menyamar jadi islam dia. yang menjelekkan jokowi itu kafir partai komunis indonesia smua.;hate
csis_796;rt pengguna pakai paksa-paksa jokowi kembalikan semua penduduk rakhin. memang prabowo pengangguran. banyak politikus menganggur jadi omongnya ngawur;hate
csis_961;pengguna freeport kan memang kontraknya mau habis, jadi biasa saja tidak ada yang istimewa. yang aneh dolar sekarang mau tembus 15.000 tapi malah pada mingkem. memang penjilat kekuasaan menjadi dungu ya tum melihat bobroknya kinerja rezim.';hate
csis_120;sih tolol sudah tau pemerintah rezim komunis ini bobrok koruptor bisa pimpinan sidang dewan perwakilan rakyat paya cebong uniform resource locator;hate
csis_8390;mengapa ahoker kristen & munafik tidak berhenti memaki gereja setiap hari? apakah mereka memang dipengarahan ahok untuk menghina sih bumi datar?;hate
csis_9378;"rt pengguna mantap bravo pasangan ideal cocok untuk 2019. tumbangkan kaum antek"" cina.";hate
csis_9417;rt @USER: pengguna memang yang bubarkan partai komunis indonesia orba... maka cara orde baru adalah paling pas. lanjutken!. berantas pki.;hate
csis_11820;"""halah cebong, bani taplak, ahok tidak mau remisi saja sampai sgtunya! di cipinang dong penjaranya!"". adek sayang, tidak semua orang berani menghadapi hukum dari awal, even itu hasilnya dia bersalah atau engga. tidak usah pura pura bego, tidak perlu diingatkan siapa yang kabur kaburan";hate
csis_1097;pengguna kamu tidak salah. masa mau belajar hal baru atau mau melihat sesuatu dari kacamata lain melalui acara televisi ini salah? nggak, kamu sudah baik adanya. lanjutkan saja apa yang kamu lakukan itu positif banget untuk diri kamu. mereka adalah memang sudah pada dasarnya tolol dan tidak mau berkembang jadi;hate
csis_9369;pengguna pengguna aparat yang keparat';hate
csis_10660;kita harus sadar bahwa ayah prabowo adalah tokoh pemerintahan revolusioner republik indonesia perjuangan rakyat semesta dan ayah hilmi partai keadilan sejahtera adalah tokoh di/tii;hate
csis_4616;pengguna pengguna bani kampret adalah sudah sering pengecut nya, nah kalau gagah berani itu ahok.';hate
csis_6447;ahok and bani serbet and wereng coklat memancing umat muslim supaya marah? dengan #iklanahokjahat. kalian itu kumpulan orang sinting;hate
csis_9306;pengguna pengguna pengguna pengguna pengguna seorang mujahid tak akan pernah berkata kasar, apalagi menghina ulama. haram hukumnya pilih wakil rakyat dari partai penghina islam, ulama, muslim. dus, partai islam pengkhianat muslim indonesia #2019ga;hate
csis_7860;pengguna lebih baik jokowi yang mundur..!!;hate
csis_4227;pengguna kalau busuk mawati beragama islam .. maka dia takut dengan dirinya sendiri gejala gila nih nenek ..';hate
csis_5190;mari kita lengserkan pengguna , dan kita jadikan pak pengguna presiden. biar tambah gila itu ahogers, wkwk;hate
csis_3456;rt pengguna pengguna namanya juga sandirawa para pecundang. bubarkan saja pengguna kalau cuma urus kasus ecek ecek tidak berani urus bantuan likuiditas bank indonesia rumah sakit sumber waras dan lain lain;hate
csis_23418;thinx dan memang banyak warga tionghoa yang maling uang rakyat terus kabur ke luar negerin;hate
csis_255;pengguna brahahahaaa, cebong nya ahoker !  pengguna ((( cebong belum cebok )))  user';hate
csis_18996;bogota dirs kalau mereka mengucapkan syahadat tapi percaya ada nabi setelah nabi muhammad bagaimana percaya ada ayat al alquran selain yang sudah ada di mushaf bagaimana apa itu rahmat juga silakan ahmadiyah beragama dengan kepercayaannya tapi tidak perlu mengatakan islam juga dongm;hate
csis_7154;"2016 ratusan ribu yang mau silaturahim ditinggal ngacir, bahkan harus merasakan perihnya terkena gas air mata. ; oh.. waktu itu masih jauh dari pemilihan presiden 2019.; ; #2019gantipresiden";hate
csis_2444;pengguna pengguna pengguna iya semua mulai dari ta* yang disebarkan ahog.. makanya cebong macam kamu makin subur';hate
csis_20629;lihat kelompok ahmadiyah ibadah cemas enggak pak;hate
csis_1765;pengguna pengguna pengguna pengguna bukan hanya korup oom, partai demokrasi indonesia perjuangan ternyata punya banyak skill terpendam url;hate
csis_10772;pengguna pengguna pengguna modar jiah lu-_';hate
csis_2710;pengguna wah orang goblok sekarang bisa main twitter ya?';hate
csis_18981;kalau sih dudung mati jangan di bawa ke masjid bawa ke gereja katolik lalu ke gereja protestan lalu ke pura lanjut ke vihara dan ke klenteng terakhir ke tempat nya ahmadiyah lalu baru kubur;hate
csis_9365;"pengguna yakin #2019gantipresiden ; insyaallah ; #tgbzainulmajdi2019 #tgbpemimpinumat ; #tgbforindonesia2019 #kamimautgb";hate
csis_2139;"bagi-bagi sembako atas nama presiden? ; giliran berutang sana-sini atas nama rakyat? ; ; betul apa benar gan..?";hate
csis_7317;"pengguna dia selalu bicara ulama"" mengatasnamakan syar'i lah haram lah itu lah ini lah . tetapi begitu juga ?";hate
csis_20425;hatiâ² terhadap yahudi syiah laknatullah dan liberal nusantara yang selalu menjelek jelekan salafi justru merekalah yang menjauhkan umat islam dari pemahaman islam yang benar;hate
csis_18599;keturunan ahmadiyah perusak generasi bangsa;hate
csis_12885;pengguna apa diskusi sama orang kapir???yg enggak kafir kan masih banyak....';hate
csis_9296;pengguna pengguna ingat pipis onta lihat wajahnya';hate
csis_2590;pengguna ini sudah termasuk teror , bukan aparat inimah tapi keparat politik.! bahasanya mafia politik, hati-hati bos kami tidak takut ancaman / intimidasi demokrasi. #polri pengguna  cat.  user';hate
csis_17245;perang melawan syiah adalah jihad;hate
csis_7261;pengguna pengguna cebong memang goblok semua intelligence quotient rendah';hate
csis_10393;muka sih babi ahok itu yang mirip serbet lantai....user...;hate
csis_19777;jiahahaa karena bingung bagaimana menghadapi dokter united state of america yang banyak kritik penanganan covid di indonesia narasi yang dikeluarkan adalah dokternya ahmadiyah ya terus kalau dia ahmadiyah ilmu dokternya tidak sah begitu goblok buzzerp teh;hate
csis_4129;tai kamu semua yang bikin meme kayak gitu. kamu tau tidak rasanya exhausted kayak begitu karena kecapean? iya gue pernah rasakan kayak orang mau mati. bego dipelihara sampah';hate
csis_4759;prancis lawan belgia di babak pertama masih 0 - 0. ada sedikit persamaan dengan bani cebong.. apaan tuh? bani cebong/kacung otaknya juga 0 (kosong)! ^_^ # world cup 2018  #gantipresiden2019';hate
csis_10162;pengguna perut buncit itu bukan karena kebanyakan tidur..cebong mana ngerti';hate
csis_1597;dear pengguna kenapa sinyal 4g di pekanbaru hari nih sangat kacrut, lemot bagai kura2? sudah di-restart.';hate
csis_12760;pengguna kalau manusia kafir twit nya surat pemberitahuan tahunan ini ';hate
csis_1113;rt pengguna pengguna september perang partai komunis indonesia desember perang topi santa begitu saja terus sampai prabowo jadi menteri peranan wanita.;hate
csis_17784;sridiana va nih syiah laknat dan liberal munafik mulai bermain kalau tidak di lawan ya begini terus;hate
csis_20636;rezim jokowi anti islam anti keadilan pro cina komunis sepilis radikal syiah ahmadiyah islam jamaah aliran nusantara baha i dan paham sesat menyesatkan lainnya;hate
csis_21165;ayat alquran dan hadis yang mewajibkan jilbab itu sudah jelas jadi sudah tidak perlu tafsir kalau tafsir sudah berbeda dengan artinya itu sudah tafsir salah kaprah berarti dia tidak berpegang dengan alquran hadis tetapi dengan tafsir otaknya sendiri itulah jadinya muncul aliran sesat surat pemberitahuan tahunan syiah ldii salafi jil dan lain lain;hate
csis_20116;drun ekokuntadhi ya kalau begitu berarti ahmadiyah bukan islam lah;hate
csis_20370;ih penggiring opini kawin kontrak itu ajaran syiah syiah bukan islam karena sesat;hate
csis_12195;tumbangkan jokowi radikal tumbangkan rezim tirani.. lengserkan jokowi;hate
csis_388;mewaspadai cina komunis yang ada di indonesia!;hate
csis_19067;tidak ada imam versi sunni kalau ada pasti juga sudah kamu sebar sunni beda dengan syiah syiahbukanislam;hate
csis_3686;pengguna alah bangkai lah kamu sudah balik sendiri padan muka kamu jejauh sana hahahaa';hate
csis_7245;pengguna pengguna adian gaya kamu kayak beruk. begini kalau supir tembak metromini masuk dpr. kampungan lu.';hate
csis_2248;pengguna pengguna cebong adalah di otaknya ngeres mulu. hanya seputaran coli';hate
csis_21234;tulul kok abadi jelas ahmadiyah ajaran yang menyesatkan tidak aneh lah pasukan hombrenk punya pemikiran kayak begini;hate
csis_693;pengguna pengguna pengguna susah bang, jawa sudah dipegang jokowi, antek dia semua, sedih sih';hate
csis_18316;syiah laknatullah;hate
csis_11044;pengguna aku katakan anjing kepada ahmad dani, boleh....aku katakan babi kepada ahmad dhani, boleh...;hate
csis_5972;seruannya tidak rasional bubarkan partai komunis indonesia ganyang partai komunis indonesia memang ini tahun jebot tidak sadar ini era terbuka;hate
csis_12675;sekarang para warganet kalau memaki umat islam itu domba, onta. lah kalau orang kristen, hindhu, buddha apa dong ?!';hate
csis_1054;"mau mulai fubu-an tuh, pelajari dulu calon partnernya. jangan langsung hajar. pakai analisa swot. pelajari kekuatannya apa, kelemahannya apa, opportunity kayak bagaimana &amp; threat dari sebahaya apa. logika dikit. jangan gara gara disyerpik, begitu ketemu langsung sikat. kalau dia psyco, mampus l";hate
csis_11408;aku setuju sekali... langkah selanjutnya lengserkan jokowi..haha;hate
csis_5254;"pengguna ""dia adalah mukanya sudah rusak, tidak bisa dibenarkan lagi."" ""yakin mau mengajak dia? lihat saja bajunya kayak gitu."" ""jangan sekelompok sama dia deh, kelihatan bukan orang mampu."" alah kampang.'";hate
csis_6780;kereta bandara itu tai banget tidak sih ganggu jadwal krl';hate
csis_8865;"congor kamu tidak sesuai isi hati lu.. "" pengguna silaturahmi ke alumni ""212"" tujuannya memperpanjang umur..."" hahahaha...  memperpanjang umur apa memperpanjang kekuasaan..!!!?  munafik kamu semua...!!!'";hate
csis_11215;"prabowo subianto ""calon presiden abadi"" gagal maju uniform resource locator";hate
csis_10790;pakde pengguna berani tidak untuk tes dna..?agar kami kami yang anti pemerintah percaya kalau pakde bukan keturunan komunis..;hate
csis_5386;pengguna mampus kamu diserang nanti.';hate
csis_3423;ternyata tol berutang ke jepang... lewat 3% jokowi layak di makzulkan.. turunkan jokowi...;hate
csis_13665;"""si penista agama, jaga mulut saja tidak bisa apalagi jaga jkt?""";hate
csis_12293;"dulu, karena pencitraan semua kelemahan dan kepolosannya diterima oleh kebanyakan dari kalangan rakyat orang cilik, karena saat itu 'kita' tak sadar jika dikibuli oleh modus kesederhanaan sih kaos oblong dan sandal jepit.; ; #akumaupresidenbaru #2019gantipre";hate
csis_18352;saya ikuti dia dari juga banyak agenda yang menjatuhkan ustaz salaf terutama orang syiah dengan pertanyaanâ² yang bisa adu domba antara salafi dengan kebudayaan atau tradisi adat istiadat yang berseberangan dengan islam;hate
csis_2318;"tenaga kerja asing cina sudah berani melecehkan bendera merah putih...; ; apakah kita akan diam saja..!!; ; semakin tenaga kerja asing cina banyak yang datang, semakin mereka arogan karena merasa kuat..; ; apalagi didukung oleh rezim penguasa, dengan kemudahan tenaga kerja asing cina masuk ke nkri.; ; mau dijajah";hate
csis_13650;"""@USER: terlihat salah satu pendukung mafia koruptor dan penista agama, para gerombolan banci titot lakukan bidikan ke arah""";hate
csis_9977;pengguna ya uang negara dong ustad. kayak yang bagi bagi sembako incumbent itu juga uang negara. rezim bangsat.';hate
csis_13897;loren guntur romli anjing piaraan cina komunis hancurkan;hate
csis_12915;"pengguna pengguna pengguna pengguna kamu yang bngsat, mana ada gue bilang buya yahya,, yang gue sebut yahya alias yahya staquf bin yahudi!!  arah gue k yahya staquf &amp; sih aqil, karena gue tau kalau kamu termasuk gerombolan pengikut setia na yang menyimpang";hate
csis_18848;asal mereka mengklaim sebagai agama tersendiri sih tidak apa apa bagiku agamaku bagimu agamamu beda cerita sama aliran sesat ahmadiyah yang mengklaim sebagai sesama muslim tapi nabinya saja beda mencret mau armad;hate
csis_3543;pengguna bilangnya tidak penting tetapi kamu baca dan kamu bilang seru juga. alah pengirimnya kampang';hate
csis_16848;nah ini doktrin yang sudah ditanam diotak kamu mangkanya yang ada diotak kalian cuma pertikaian dan menyalahkan yang di luar kelompok makanya tidak salah gue bilang kalian itu islam protestan pekerjaan kalian protes mulu dan lawan kalian ya cocoklah itu sama islam katolik alias syiah;hate
csis_1636;banyak modus yang di gunakan sindikat cina untuk menipu uang rakyat indonesia.. usir cina dari indonesia;hate
csis_2193;ahok sih penghina al - qur'an dan ulama ini selalu bersikap menjijikkan yaitu sok suci dan merasa paling benar HTTPURL;hate
csis_3459;tolak peraturan pemerintah pengganti undang undang tolak rezim otoriter, peraturan pemerintah pengganti undang undang pintu masuk lengserkan jokowi;hate
csis_13705;uang taipan tuh. nanti dibayar dengan ratusan penggusuran biadab oleh ahok.;hate
csis_5845;anda harus bersumpah demi allah subhanahu wa taala benci kafir pak lukman, tak akan menyebut islam damai selama sunni lawan syiah berseteru;hate
csis_9906;pengguna kenapa tidak selamat natal saja sekalian ?  hehe...dasar sih admin bolot ! ';hate
csis_4942;pengguna anjing memang sesat lo.';hate
csis_12457;mandi cuci kakus = micin, cebong, kampret.';hate
csis_677;pengguna pengguna bicara sains kok menonton youtube, lakukan eksperimen sendiri, jangan menonton youtube yang bisa dimodifikasi sama pembuatnya, aduh pantas geblek';hate
csis_1076;pengguna maling teriak maling, kafir teriak kafir, biasanya orang orang kayak begitu waktu lahirnya campur tai...!';hate
csis_6041;para antek komunis di yayasan lembaga bantuan hukum indonesia sedang bermain memainkan korban;hate
csis_6261;"fakta bapak prabowo yang cebong tidak mau akui.; prabowo : ketua partai; dilan : petugas partai; prabowo : seorang militer; dilan : tukang kayu; prabowo : gagah dan tampan; dilan : (gak tega menulisnya ); prabowo : pandai bahasa inggris dan jerman,; dilan : anu..";hate
csis_327;indonesia belum merdeka indonesia masih dijajah oleh orang cina !!! takbir allahu akbar uniform resource locator;hate
csis_18979;lagian apa sih pelecehan islam didiamkan kalau mau bikin agama ya silakan jangan miripin islam ahmadiyah itu pelecehan terhadap islam;hate
csis_570;pengguna kan hebat ahok bisa memaafkan bini salam 7 tahun bukan surat pemberitahuan tahunan yang ono kabur karena ketahuan memalukan mengakui ulama kok kelakuan bejad';hate
csis_3077;pengguna pengguna pengguna pengguna pengguna eh toilet pipis onta melipir lagi. ini di indonesia lho, gerombolan kamu mabuk budaya arab jadi nya kayak begitu ';hate
csis_1608;haha idiot bilang kepada orang orang kafir terutama para nasrani pendukung pendukung ahok kafir jangan memasuki wilayah wilayah syariat islam;hate
csis_6578;pengguna mahasiswa koplak...cuma modus..!!! rakyat indonesia 250 juta...bukan 25 orang...sontoloyo !!!';hate
csis_6020;"cocokk... ; #2019gantipresiden";hate
csis_11291;sontoloyo itu penggembala itik. tapi istilah ini mengalami pergeseran makna: tidak beres, lambat, dsb. sama kayak bajingan. itu sebenarnya pengendara cikar.  betul tidak mas pengguna ?';hate
csis_9789;mungkin saja blok cina rusia mensyaratkan berdirinya korban galau berat di indonesia agar kerja sama makin hebat uniform resource locator;hate
csis_4027;pengguna pengguna biarin,km yang mensen saya duluan. goblog';hate
csis_21044;harusnya ahmadiyah menyatakan agama sendiri jangan mengakui bagian islam semua ukama dunia bersepakat ahmadiyah sesat dan menyesatkan;hate
csis_21210;restycayah untuk kasus ahmadiyah ini justru pihak ahmadiyah yang mengganggu masyarakat dan mereka tidak taat surat keputusan menteri tentu ini pendirian rumah ibadsh dan memaksakan yang tidak seagama dengan mereka dan ini dilarang karena melanggar pasal undang undang dasar;hate
csis_18056;mksn lpg kalau dibuka lebih dalam selain ahmadiyah kafir orang ahmadiyah tidak boleh menikah dengan yang di luar ahmadiyah sampai sekarang punya khalifah yang berkedudukan di inggris sangat mengagungkan kolonial inggris bla bla bla;hate
csis_9802;pengguna pengguna pengguna pengguna pengguna iya anjr bacot amat kamu pengantin /tendang gaun nya/ #dayezsah';hate
csis_10942;jujur gue sulit melupakan kamu , di saat gue sibuk melupakan kamu , kamu malah kelihatan biasa saja , bangkai tidak sih lo';hate
csis_16915;ajaran sesat memang banyak tak berlandaskan al alquran dan hadis contohnya golongan qadiani ahmadiyah etc hanya golongan khawarij terrorist isis yang gunakan al alquran dan hadis tanpa tahu context;hate
csis_17840;bisa tidak sih kita liberal tapi ke dalam maksudnya maklum pada semua firqah dari yang puritan sampai berbau khawarij sampai yang kebablasan sampai seperti ahmadiyah qadiyani tetap anggap mereka sesat tapi utamakan kemanusiaan lah hehe utopis sekali ya aku;hate
csis_1286;rt pengguna presiden buta tuli makanya memimpin dengan tubruk-tabrak dan budek dengar rakyat teriak lengserkan jokowi;hate
csis_6688;mau marah tetapi kok kasihan sama yang sudah kerja keras tanpa bacot. tetapi kalau didiemin, yang kerja keras banyak bacot malah tambah bau mulutnya.';hate
csis_2291;pengguna kalau jaman daerah khusus ibukota yang dimainkan isu cina ,kapir. sekarang yang cina kafir justru dari keluarga sih ono. silit eh sulit lah';hate
csis_12931;pengguna muncul nih penyakit nya. ini malah dari jam 7 malem. kacrut. mau menelpon 147 telepon mati juga. kacrut banget dah.';hate
csis_20739;sudah jelas arah dan pikiran menteri agama yang satu ini ternyata campuran syiah liberal dan komunis dan ini lah yang dimanfaatkan oleh yang sedang berkuasa entah salah siapa dia bisa ada di nu;hate
csis_134;pengguna pengguna pengguna pengguna pengguna pengguna pengguna pengguna bangke.. hajar!!!!';hate
csis_14038;daging babi asap anjing di kupang aduh coba menonton di yutupnya sapa itu yang cina gendut pernah makan di sini;hate
csis_8407;rt @USER: masih mau memilih agus-sylvi??? anaknya susilo bambang yudhoyono dan keluarga koruptor #blusukanahok #berjamaahcoblospecinya\u2026;hate
csis_6931;pengguna mukamu kayak pantat monyet, beruk, celeng.';hate
csis_5809;pengguna babi betul lah dia nih haihhh';hate
csis_81;proyek korupsi rezim susilo bambang yudhoyono uniform resource locator;hate
csis_1261;orang punya saksi anjing di kasus babi.. tolol uniform resource locator;hate
csis_1986;pengguna front perusak islam tidak bakal demo anies ,sebab sama sama rusaknya, apalagi ketua cabulnya kabur tidak tanggung jawab , pengecut munafik hadapi proses hukum';hate
csis_12148;sayang sekali bangsa ini paling jago kalau merasa-rasa. yang mendukung pak ahok merasa paling benar, yang mendukung mas anies merasa paling suci;hate
csis_17982;id walah liberal udik munafik ber cecunguk dengan syiah rupanya;hate
csis_7998;by the way sih ratu tiru afi hinayah yang sudah diundang jokowi ke istana posting tiru lagi yes. nanti mengancam mau bunuh diri. ya alloh.;hate
csis_10907;pengguna pengguna pengguna pengguna pengguna pengguna manis-manis idiot nih orang';hate
csis_4533;pengguna pengguna pengguna oalahhh sih pengguna dungu ini masih juga memamerkan tempurungnya.';hate
csis_1140;selamat di atas penderitaan orang lain ? hih. uniform resource locator;hate
csis_12604;pengguna pengguna ambil sana tete mama kamu ambil! gue masih bisa nete sama sapi';hate
csis_753;pengguna pengguna indonesia sedang di jajah cina...;hate
csis_3429;pengguna anjing tai goblok idiot bangsat monyet babi fucc, kont, ngents, goblok.  iya tau kasar banget maaf';hate
csis_967;pengguna eh anjing tidak usah banyak bacot luh. gue tantang duel kamu bangsad';hate
csis_1389;pengguna palestina antek asing juga tohh....';hate
csis_13030;pengguna pengguna pengguna pengguna kalau otak sudah tidak pungsi cobalh memasukkan otak anda k lumpur kemudian bersihkan pakai kencing onta ya ';hate
csis_8043;rt pengguna pengguna bisa saya katakan mustahil polisi berani menangkap dari kubu sono! mustahil bin mustahil kepala kepolisian republik indonesia politic_id;hate
csis_2161;banyaknya promo yang tendensius pada hal berbau islam ditambah hukum berat sebelah pengguna tidak sadar bahwa merek rezim jadi anti islam.;hate
csis_9680;indonesia saat ini makin mundur sejak dipimpin oleh jokowi uniform resource locator;hate
csis_847;rt pengguna ahok taik. \ menfitnah\ . memang kamu tukang caci maki perempuannn!! anjing ahok pasti tumbang debat final pemilihan kepala daerah jakarta;hate
csis_18375;beberapa yang di mention sama dia syiah rafidah kafir laknatullah doktrin bodoh syiah kafir rafidhah harus disayang begitu jangan kafirkan orang kafir maksud dia;hate
csis_23713;dari sejumlah kasus korupsi pengusaha keturunan tionghoa kerap ada dalam pusaran pejabat korup sejak jaman soeharto pengusaha tersebut dapat akses karena piawai mengelolanya tapi kadrun piawai juga melindungi pejabat korup angsat kan;hate
csis_5438;"?ayo kita viralkan?; ; sangat memalukan pengguna membuat pernyataan fitnah!! ; terhadap pengguna !!; ; warga kampung akuarium membantah pernyataan gubernur daerah khusus ibukota jakarta anies baswedan yang menyebut 24 warga meninggal dunia karena tinggal di bekas penggusur";hate
csis_6297;allah subhanahu wa taala pembohong dungu yang biadab, tak memenuhi janjinya allah menjanjikan kamu harta rampasan yang banyak (48:20);hate
csis_10965;karena mereka itu kere dan miskin...tak punya hak tanah belaga sombong.bedebah semua mereka;hate
csis_4910;nih ada lagi gerakan pengguna kontol pembela chibi anzing';hate
csis_20937;antipki hati umat islam banyak kader partai komunis indonesia per juangan syiah sesat liberal menyamar menyusup ke dalam barisan kalian umat islam mereka adu domba sesama pejuang islam menghancurkan islam dari dalam waspadalah x;hate
csis_11490;pengguna pengguna sungguh cerdas dan brilian congor nih menteri';hate
csis_13726;dasar sih kutil babi ahok memang tukang bohong. selain bohong ahok juga biasa menyalahkan yang lain menutupi kegagalan nya . contoh soal banjir;hate
csis_9052;pengguna banyakan cocot...';hate
csis_12140;pengguna pak pengguna saya tetap mendesak anda menyatakan muhammad nabi gadungan agar bangsa ini terselamatkan;hate
csis_17522;lah yang salah ahmadiyah itu sendiri padahal sudah dilarang masih saja mengeyel maka kalau tidak mau kejadian kayak begini meminta tolong juga untuk kalian yang menganggap ahmadiah itu korban untuk mengajak mereka kembali ke ajaran yang benar;hate
csis_9541;yang di depan pada minggir buat memberi jalan yang turun, eh yang belakang maju ke tengah. kan pada meminta di jorokin.  bego.';hate
csis_8214;pengguna pengguna pengguna pengguna pengguna pengguna pengguna pengguna pengguna tidak hidup cebong kalau tidak produksi dan makan hoaks.';hate
csis_4563;"kaum cebong senjata nya cuma ""hoax"" percuma memberi data dan fakta'";hate
csis_1432;pengguna terbukti kan kalau kamu cuma modal fitnah?? semua cebong sama..modal bacot kencang dan fitnah sana sini tanpa bisa ngebuktiin..lo tidak jauh beda sama teman teman kamu yang di kolam..';hate
csis_817;pengguna betul..anak anak partai komunis indonesia mulai muncul mengikuti jejak bapaknya.;hate
csis_12739;pengguna apalagi yang masuk jurusan karena tren goblok anjing bangsat asu tolol bangsat bangsat bangsat bangsat';hate
csis_9029;rt pengguna susilo bambang yudhoyono 10 tahun apa saja itu ? gila;hate
csis_8448;"pengguna ini pasti anak"" cebong dan kampret yang masih polos tidak ikut""an cebong dan kampret tua  '";hate
csis_13701;gusur ahok demi indonesia. teladan buruk pembangkangan hukum dan anti kemanusiaan di jakarta jangan tertular ke daerah. #coblospecinya;hate
csis_20518;kan sudah di bilang ahmadiyah sama syiah ah kayak tai sapi di belah;hate
csis_4487;ahok jatuh.. makin mudah jokowi di lengserkan.;hate
csis_9173;sih mae mental perang nya keren di teel... lama kelamaan minggat dan nyungsep layani gw... apalagi cebong baru netes... wkwk bisa modar mendadak.... ';hate
csis_11108;video diduga perang teroris buddha yang kocar kacir melawan pertahanan pemuda muslim minoritas rohingya.;hate
csis_12592;ganyang partai komunis indonesia dan antek-anteknya (orang-orang dan partai pendukungnya) uniform resource locator;hate
csis_9819;pengguna pengguna pengguna sok imut najis u:(';hate
csis_9515;maksudnya sih mau pencitraan ... apa daya lain pula kesan yang diberikan... #2019gantipresiden;hate
csis_17764;menteri agama radongan syiah jelas aliran menyimpang majelis ulama indonesia sudah memfatwakan aliran syiah sesat;hate
csis_5;pengguna ya bani taplak dan kawan kawan ';hate
csis_2380;rt @USER: kata pengguna bantuan ke rohingya adalah pencitraan terus memang bisa penderitaan warga rohingya dibantu pakai demo??;hate
csis_26316;karena orang kristen tidak sumbu pendek dan pendek akal wkwk;hate
csis_11821;rt pengguna pengguna pengguna pengguna benar kamu tidak ada apa-apa nya;hate
csis_2097;ahok harus dibebaskan, dia korban,sasaran antara lengserkan jokowi.tujuan akhir tawar syariat momentum fatwa mui,diikuti demo 411/212/313 radikal;hate
csis_5937;pengguna sudah tidak bisa dung, yang nyinyir sudah di cuci semua sama ahok, jadi tidak dan lagi yang teriak kafir ';hate
csis_20735;ini orang syiah bukan sih kok membicarakan islam;hate
csis_7559;rt pengguna pengguna pengguna pengguna pengguna pengguna pengguna pengguna hajar jokowi;hate
csis_5051;pengguna pengguna tidak aneh survei bawa nama kampus.. nanti kayak sih luhut bawa institut teknologi bandung buat dukung reklamasi.. cebong adalah gitu.. heheheh';hate
csis_438;pengguna pengguna bersabar, berdoa, usaha, ikhtiar... mudah-mudahan bentar lagi #2019gantipresiden tidak pakai contekan, tidak pakai planga-plongo... ?;hate
csis_20555;memang dia muslim katane syiah;hate
csis_1390;jokowi tidak hormat terhadap muslim yang terzalimi;hate
csis_2094;teriak-teriak partai komunis indonesia ganyang... kamu salat kagak... mengaji kagak... kamu punya tuhan ga? jangan jangan kamu sendiri yang pki... uniform resource locator;hate
csis_11058;rt pengguna pengguna prabowo si mulut busuk dia cuma sampah negara bisa nya cuma bikin gaduh;hate
csis_8918;benarkah leluhur ratna sarumpaet dan prabowo satu pergerakan di masa hidupnya?;hate
csis_7652;pengguna papah matamu picek';hate
csis_12803;percuma dapat banyak medali kalau ujung-ujungnya cuma diajak teriak kafir lengserkan..;hate
csis_9830;rt @USER: monyet kamu songong. uniform resource locator;hate
csis_1781;pengguna banci kaleng';hate
csis_13817;anies akan merangkul dua duanya untuk persatuan tidak surat pemberitahuan tahunan kamu dangkal & cekak intelektual hanya jadi budak ahok kafir.;hate
csis_5854;pengguna pengguna pengguna cabe cabean bisa nya hanya bbm.n facrbook.n!! masalah politik mana tau doi, tau nya berita berita sampah pencitraan;hate
csis_10954;pengguna itu biar menyambung yu semua geblek:(';hate
csis_3186;pengguna pengguna asli saya tertawa sampai sekitar perut dan mau pipis ???????....ane paham maksud dan yang di definisikan oleh rocky gerung, kok orang ini malah sok-sok an lapor2....?????? ceritanya sih mau bikin gebrakan supaya dibilang membela agama...tapi;hate
csis_445;pengguna pengguna pengguna yang juara menipu kan junjungan kalian wahai bani kampret 212';hate
csis_10844;daya beli turun, data kemiskinan di olah2, harga harga naik tak terjangkau, kebutuhan hidup rakyat makin sulit, kesenjangan semakin lebar, hutang bengkak tak karuan, bagi bagi jabatan terus terjadi, aset negara di jual2. tenaga kerja asing banjir. dll.;hate
csis_7337;meh cocok sube.... wa off.. telepon tidak diangkat. dasar brengsek';hate
csis_1913;allah subhanahu wa taala tidak bisa diajak gaul pak lukman, sukanya dengar orang mengaji terutama ayat penggal kafir dan cocok cocok penis;hate
csis_2201;ulang lagi reformasi 98 jilid 2 pengguna turunkan jokowi;hate
csis_11634;dasar kafir laknatullah';hate
csis_10871;rt pengguna selanjutnya...lengserkan jokowi;hate
csis_13952;mahal tak kesah lah tetapi muka cina babi tak siap itu kerek pakai iphone pon dok boleh tekan button home persatuan umat islam;hate
csis_13626;ulama kompak menyatakan #harampemimpinkafir pilih ahok = murtad!;hate
csis_10951;pengguna berbicara apa sih kntl';hate
csis_13681;norak banget iklan mantan menteri pendidikan dan kebudayaan @USER ini. tambah tidak respech.. inilah tenun kebangsaan yang dia maksud.\u2026;hate
csis_20360;kaum syiah ahmadiah munafik juga sama;hate
csis_11161;barisan serba guna kan hobi juga maunya bela kafir.... makanya sih abu janda, apakah benar muslim atau bukan?';hate
csis_11444;pengguna pengguna betul.... beban hidup meningkat dirasakan oleh bani sumbu pendek yang biasa teriak teriak kopar kapir... mereka kekurangan job demo karena sudah tidak laku....';hate
csis_4519;pengguna pengguna arseto itu monyet tidak tahu adab dan moral';hate
csis_12971;allahu akbar gaduh karena ahok rakyat bersama front pembela islam bubarkan gerakan masyarakat bawah indonesia copot kepala kepolisian daerah jabar penjarakan ahok;hate
csis_248;apa yang terkuak semuanya sudah jelas sejak awal memang itu strategi kampanye kami di tim pemenangan anies sandi uniform resource locator;hate
csis_2705;teroris buddha myanmar menembaki perahu yang ditumpangi anak-anak;hate
csis_11362;pengguna kalau micin jangan dijadikan camilan makanya kang. jadi begonya bego banget.;hate
csis_9714;pengguna pengguna pengguna pengguna kecoa kalau sudah belum ya kayak begitu kebanyakan mengerem di septictank,asal bacot doang congornya sih joko';hate
csis_13816;"""selama proses #sidangahok mewaspadai ulama ulama kubu ahok..yakni ulama ulama """"munafik"""" yang sesat dan menyesatkan..!!""";hate
csis_16954;fatwa majelis ulama indonesia itu menyatakan ahmadiyah sesat bukan fatwanya sih gus dur;hate
csis_13806;babi... iya memang sih ahok tidak jauh kayak babi..;hate
csis_21222;aliansi umat islam kal bar bersama sultan pontianak mngajak seluruh umat islam kalimantan barat brsatu mnolak aliran sesat ahmadiyah dan mnuntut pembebasan umat islam yang di tangkap aparat buntut dari perusakn masjid jmaah ahmadiyah sintang kalimantan barat tolakahmadiyah tolaksyiah;hate
csis_17446;perang melawan syiah adalah jihad;hate
csis_11975;pengguna pengguna pengguna jokowi pendusta pantas mundur.;hate
csis_10278;golkar=setya novanto, setya novanto=golkar..sekalipun lolos jerat hukum atau di pecat partai. tetap,golkar adalah cerminan orang itu,layaknya soeharto;hate
csis_8249;pengguna pengguna pengguna pengguna pengguna pengguna pengguna pengguna pengguna pengguna pengguna pengguna pengguna pengguna pengguna pengguna pengguna pengguna pengguna pengguna pengguna pengguna pengguna;hate
csis_2717;makin mau mati malah makin menjadi jadi sih iblis betina tua itu.. #tangkapsukmawati';hate
csis_3026;pengguna on the way manusia homo kamu mah.';hate
csis_18519;cebong lgbt pemaksiat kafir syiah sepilis komunis anus dan sebagainya mana paham yang surat pemberitahuan tahunan itu bagi mereka yang penting islamofobia;hate
csis_5569;ky tidak berfungsi makan gaji buta habiskan anggaran pendapatan dan belanja negara hakim nakal merajalela bubarkan pengguna pengguna pengguna uniform resource locator;hate
csis_13663;"""rt @USER: sekumpulan teman penista agama tdk ada empati buat korban banjir, hanya koar koar memuji jujungannya";hate
csis_10546;pengguna betul dan semua pihak yang menentang sih cina kafir ahok akan di kriminalisasi oleh polisi dengan semua rekayasa hukum nya;hate
csis_2160;pengguna ayo mana sih tua bangkai dan pendukung kampretnya...';hate
csis_5109;kita habis-habisan aja, bang. usir kafir & cina dari nusantara. merekalah racun akidah, tukang sogok, kristenisasi, pelacur, miras. kafir anjing!;hate
csis_2156;perilaku sih babi pengguna ini memang benci dengan hal berbau islam. cocok dengan ahok. pengguna;hate
csis_6423;ayo pancing keluar antek komunis yang ada di negara kesatuan republik indonesia dengan menyelenggarakan menonton bareng film pengkhianatan tidak 30 si partai komunis indonesia;hate
csis_11356;kalau ada kuli cina nya, usir segera, tenaga kerja indonesia yang menganggur banyak uniform resource locator;hate
csis_157;rt pengguna pengguna jangan kayak banci kaleng kamu gatot sering buat gaduh gentleman lah mundur siap bersaing di pemilihan presiden 2019 melawan jokowi;hate
csis_10032;pengguna pengguna tunjukan di dunia ini ada pernah muslim membantai umat lain ?????? tunjukan bung !!!!!;hate
csis_13714;cina adalah duitnya dari hasil maling di indonesia di kembalikan lagi berkedok investasi plus bawa gembel2 & napi dari cina negeri nenek moyang ahok;hate
csis_3917;apakah kita menuntut sih penista ini diadili karena dia orang kristen? sama sekali tidak!! karena islam tidak pernah membenci karena beda #tahanpenista';hate
csis_10952;pengguna pengguna pengguna pengguna pengguna ayo 2019 kita ganti presiden.  setuju bang, eh, tetapi siapa gantinya?  goblok, tolol, kunyuk malah nanya, ya kita cari bareng bareng koplak ooo begitu bang inilah drama kumpulan celeng dungu kalau;hate
csis_1705;coba kalau prabowo,sampe level office boy saja bakal disebut perannya,jokowi ini hanya klaim saja,turunkan!!! uniform resource locator;hate
csis_24228;dasar tionghoa mau tragedi trisakti kembali ha pikir dong bagong;hate
csis_3303;tidak pernah sekolah ya lo? pantes mulutnya tidak di jaga.. kotorr, kaya sampah.';hate
csis_20008;silent seharusnya seperti kh muhammad idrus ramli yang memimpin nu menolak pemahaman spilis sekularisme pluralisme liberalisme dan syiah dan wahabi kalau ke spilis dan wahabi beliau debat dan diskusi beliau mnjelaskan hukum mengucapkan kadrun dan membenci arab;hate
csis_4425;prabowo bicara tentang islam ? sama saja dengan meminta rhoma irama... uniform resource locator;hate
csis_20954;sqaz budit padahal saya baru mau belajar syiah berarti syiah itu sesat kan ah jadi takut belajar syiah;hate
csis_6996;praktik monopoli yang terjadi karena adanya praktik nepotisme hubungan kekerabatan antara gubernur daerah khusus ibukota ahok dengan lawyer salah satu merek;hate
csis_9512;"pekerja cina proyek jalan tol lempar bendera merah putih cuma dihukum hormat bendera &amp; di deportasi lah";hate
csis_11718;pengguna jancok. terkutuk kalian yang memaki gue tsundere.';hate
csis_7022;rt pengguna pengguna sebenarnya pengguna itu hebat hanya curut sebelahnya machiaveli;hate
csis_11750;pengguna pengguna pengguna nama cantik mu tak seiring hati busuk mu!!ngaku ber agama tapi kelakuan lebih bagus penyembah berhala,dasar apa kamu sebut saya cebong?tunjukkan ayat di kitab suci mu,adakah manusia harus disebut cebong?otak mu dangkal,berkedok agama tetapi kelakuan se;hate
csis_11363;pengguna pengguna cebong tolol...emang kayak lu..cuman kelontang kelantung mengandalkan menyebarkan hoaks dan fitnah baru dapat nasi bungkus....kalo tolol jangan dilihat di muka umum malu memalukan bong...wkkw.wk.wk.';hate
csis_7961;ini manusia apa anjing mati-matian rela jadi murtad demi babi ahok kafir. uniform resource locator;hate
csis_25947;perempuan papua harga diri terlalu murah;hate
csis_2310;pengguna saya tiba tiba langsung stroke, wkwk ini adalah cuma orang picek saja yang tidak tau';hate
csis_12938;rezim anti islam pro komunis.. insyaallah kita akan saksikan kehancurannya.;hate
csis_8220;pengguna dasar manusia homo lu';hate
csis_21191;ahmadiyah menista agama islam nabi nya beda dengan islam kitab nya beda dengan islam bikin agama baru dong jangan mengatasnamakan islam;hate
csis_5262;rt @USER: ustad goblok nih..dia tidak tau ada kafir yang sunat.. umat yahudi..bahkan dari bayi..ga kayak dia sudah mengerti coli baru sunat..muka';hate
csis_11834;pengguna pengguna pengguna pengguna pengguna akhirnya kata kata ajaib kaum onta muncul juga ';hate
csis_19021;bukan alirannya beda tetapi ahmadiyah bukan islam makanya jangan pakai embel embelnya islam rumah ibadah jangan sebut mesjid dan lain lain yang berhubungan dengan islam yang jadi masalah itu ahmadiyah meyakinkan orang bahwa mereka juga islam no;hate
csis_7982;ini kebobrokan birokrasi saat anies sandi menjabat nanti: uniform resource locator via pengguna;hate
csis_10252;pengguna cebong mana mengerti ...koplak..koplak';hate
csis_23349;id semua politik identitas pemilih ahok non muslim tionghoa dan kaum munafik banget juga sebaliknya;hate
csis_26278;serang siapa yang serang ajaran kristen yang kami tolak konsep trinitas yang memang tidak pernah diajarkan oleh allah itu semua doktrin gereja yang tidak masuk akal dan lucunya anda sangat percaya;hate
csis_4502;rt pengguna pengguna terus maksudnya indonesia yang mayoritas muslim suruh pilih pemimpin cina non muslim begitu ya ? jangan dong;hate
csis_11508;apa lagi pembelaan atas mega proyek ini pak? alasannya untuk memperkuat ekonomi? ekonomi siapa? pengguna pengguna meikarta gate;hate
csis_13935;lele malu sekali jika yaqut ingin di puja puji datanglah ke buzzer barisan serba guna yahudi nasrani dan cina komunis;hate
csis_18156;perang melawan syiah adalah jihad;hate
csis_12917;pengguna pengguna jijik dongo';hate
csis_9948;kita melarang ajaran komunisme namun di sisi lain pemerintah membukakan pintu masuk nya wisatawan komunis besar-besaran ke negeri ini;hate
csis_2856;rt pengguna pengguna pengguna sudah benar langkah pemerintah untuk bubarkan. selain jadi akun nyinyir kader jebolan hati beberapa kali;hate
csis_17775;orang dia syiah atau sejenis cebong yang bisa nya cuma bunyi preketek preketek;hate
csis_4417;pengguna nah itu dia....hadeh rejim amatir!!!,*muakmuakmuak* ingin segera 2019, ingin segera #2019gantipresiden;hate
csis_10453;pengguna aku lihat dari cara kamu berbicara kayak nya kamu tidak di sekolahkan bapakmu dan tidak di ajarkan yang baik sama bapak mu.. memang lah bapak mu bisa nya bikin anak doang .. ya begini lah jadi nya dapat anak kampret';hate
csis_4893;"semua sabar dan tenang'....; kita tunggu komando' habibana habib rizieq...; kita umat islam solid dan bersatu, jangan terkecoh' diadu domba cebong'2...; kita akan memenangkan keadilan dan kemakmuran pada #2019presidenbaru mendatang, seperti pilihan kepala daerah jakarta";hate
csis_17852;abdulsomad id waras pengikutnya saja yang tambeng kesimpulannya ahmadiyah bukan islam;hate
csis_7027;lama lama perang sama cina atau usir cina dari bumi indonesia;hate
csis_3425;anda mengajarkan mengaji ayat cocok cocok penis dan penggal kafir dapat pahala? anda membiadabkan;hate
csis_4105;pengguna semakin kelojotan para pendukung anies.sandi..;hate
csis_17509;lah yang diakui menurut undang undang cuma agama di indonesia sementara ahmadiyah sesat menyimpang dari agama islam;hate
csis_4679;rt pengguna pengguna ya kalau kalian kan jadi jongos nya sipit;hate
csis_1721;antek komunis nya jelas sekali... yang teriak huuuu ke bp. taufik ismail -hafizhahullah uniform resource locator;hate
csis_19227;memamg pernah ada bahasan tentang organisasi ikhwanul muslimin oleh ulama saudi dan memang mereka termasuk organisasi teroris syiah ahmadiyah islam nusantara dan juga liberalisme juga sesat dan kerap melakukan islamphobia dan intoleransi;hate
csis_4220;kalau sudah begini ramai - ramai saling cuci tangan. cari aman masing - masing..... dasar gubernur curang;hate
csis_2363;pengguna kok malah jadi memperbagus negara yang katanya kafir tat??.. jangan jangan ustad mau hijrah k thailand ya';hate
csis_13132;sih pengguna ini paling punya mantan saja kaga. pacaran belum pernah sok-sok bikin thread tipu daya laki-laki. malu sama titit.';hate
csis_5445;pengguna mulut allah subhanahu wa taala di alquran memang busuk, kafir, laknat dan lain lain;hate
csis_11349;pengguna partai sontoloyo, tidak pernah menghargai orang lain';hate
csis_12619;jokowi jongos cina!!;hate
csis_2555;bukannya di negeri ini juga begitu om? pekerja adalah jongos cina doank, kerja dari subuh sampai malam, digaji pas-pasan, yang kayak cina.;hate
csis_20574;di agama nonmus ada ajaran yang melenceng tidak contoh kalau di islam itu ajaran syiah;hate
csis_13728;"""om...ahoknya...mana om,katanya sih babi ahok bisa mengatasi banjir...om...babi jangan membual om...?!!?""";hate
csis_25280;oh ohhh kamu mau menutup mata dan telinga ya kalian sudah dudoktrin bahwa kristen dan yahudi adalah musuh besar islam kok mau berbohong lagi kamu;hate
csis_6376;"rt pengguna isis berulah semua org/golongan/agama memusuhi muslim &amp; hujat islam. termasuk kamu dodol!";hate
csis_4906;rt pengguna seperti waktu susilo bambang yudhoyono naikan bbm.pada demo itu makhluk..tp sekarang mana pedemo ya pakai jargon orang licik itu tidak ada yang danai ya gada.;hate
csis_5752;jangan ragu ganyang partai komunis indonesia segera;hate
csis_2316;pengguna mampus';hate
csis_1931;apakah cocok-cocok penis dengan empat istri akan diizinkan pak lukman?;hate
csis_9741;iya anak pemberontak prri/permesta ya ... prabowo uniform resource locator;hate
csis_18675;haikal dapat beasiswa dari israel sumber info tonton saja vidoe youtube sewaktu haikal ke pondok pesantren kakak berguru ke amerika pulang jadi liberal ke saudi pulang jadi wahhaber ke iran pulang jadi syiah ke cina jadi komunis ke israel ya jadi zionis;hate
csis_17600;lorddd mirisnya komunis dan syiah bisa merajalela ya di rezim ini karena merasa anak emas;hate
csis_7752;rt @USER: bermusuhan aku sak modar kamu , rasakan sampai ternyata cocotmu kehilangan konco 1 bajingan koyo koe aku ra rugi ';hate
csis_10630;pengguna pengguna aku lewih sayang seri tempo memanah . jalema tolol nu gan bisa berbicara sange tak tertahan tanpa pikir tah mnh';hate
