id;text;label
indodisc_19588;KOMPASTV INDEPENDEN TERPERCAYA KOMPASTV INTERNASIONAL KOMPAS DUNIA Indonesia di PBB Resmi Tuntut Agar Israel Diseret ke Pengadilan Internasional atas Kejahatan di Gaza Kompas dunia 30 November 2023, 11:17 WIB;not-hate
indodisc_5795;Pengertian Manhaj Salaf/Salafi dan seputar tentang manhaj salaf : SALAFI BUKANLAH SEKTE, ALIRAN, PARTAI ATAU ORGANISASI MASSA red exclamation mark collision Sebagian orang mengira Salafi adalah sebuah sekte, aliran dll sebagaimana : fire Jama’ah Tabligh(Quba) fire Ahmadiyah fire Naqsabandiyah fire LDII dll backhand index pointing right Atau bukan juga sebuah organisasi massa sebagaimana collision NU collision Muhammadiyah collision PERSIS collision Ikhwanul Muslimin collision Hizbut Tahrir collision Wahdah Islamiyah dll large blue diamond TANGGAPAN : Ini adalah salah red exclamation mark hollow red circle Salafi bukanlah sekte, aliran, partai atau organisasi massa dll. hollow red circle Namun salafi adalah manhaj (metode beragama), yaitu berusaha mengikuti orang-orang terdahulu dalam cara beragama mereka yaitu Rasulullah shallallahu alaihi wa sallam, para sahabat, tabi'in, tabi'ut tabi'in dst dari para ulama yang telah mengikuti mereka dengan baik. hollow red circle Salafi suka menjelaskan bahwa cara beragama harus berdasarkan dalil-dalil yang shohih, ada contohnya atau pernah diamalkan atau dipahami oleh Rasul dan para sahabatnya, para tabi'in dan ulama-ulama yang mengikuti jejak mereka, karena cara seperti itulah yang diinginkan Allah dan Rasul-Nya dalam beragama. fire Dijelaskan oleh Syaikh ‘Ubaid yang ringkasnya : multiply Dakwah salafiyyah tidak didirikan oleh seorang manusia pun. multiply Bukan oleh Syaikh Muhammad bin Abdul Wahab bersama saudaranya Imam Muhammad Bin Su’ud multiply Tidak juga oleh Syaikhul Islam Ibnu Taimiyah dan murid-muridnya multiply Bukan pula oleh Imam Mazhab yang empat multiply Bukan pula oleh salah seorang tabi’in, bukan pula oleh sahabat, bukan pula oleh Nabi shallallahu ’alaihi wa sallam backhand index pointing right Karena para Nabi dan orang sesudah mereka menyampaikan syariat yang berasal dari Allah Subhanahu Wa Ta'ala herb Oleh karena itu, tidak ada yang dapat dijadikan rujukan melainkan nash dan ijma' (Ushul Wa Qowaid Fii Manhajis Salaf) hot springs Oleh karena itu, dalam dakwah Salafiyyah tidak ada : Ketua umum Salafi Salafi Cabang Jogja ( ed : atau daerah lain nya ) Salafi Daerah Tata tertib Salafi AD ART Salafi Alur Kaderisasi Salafi Dan tidak ada muassis (tokoh pendiri) Salafi Tidak ada pendiri salafi melainkan Allah dan RosulNya Tidak ada AD ART Salafi melainkan Al qur'an dan Sunnah dengan pemahaman para sahabat Rasulullah ﷺ Semoga dapat dipahami Wallahu 'alam bissawaab..;hate
indodisc_15156;FREE PALESTINE Palestinian Territories FREE PALESTINE Palestinian Territories FREE PALESTINE Palestinian Territories FREE PALESTINE Palestinian Territories Aku punya Tuhan yg Maha Kuasa dan Maha Melihat. Ya Allah balaslah para manusia laknat israel itu. ITS A HUMANITARIAN DUTY StopGenocideInGaza CeaseFireInGaza CeaseFireNOW FreePalestine;hate
indodisc_113;"𝐈𝐧𝐢 𝐍𝐞𝐠𝐚𝐫𝐚 𝐃𝐞𝐦𝐨𝐤𝐫𝐚𝐬𝐢, 𝐒𝐮𝐝𝐚𝐡 𝐁𝐮𝐤𝐚𝐧 𝐉𝐚𝐦𝐚𝐧𝐧𝐲𝐚 𝐌𝐞𝐧𝐠𝐢𝐧𝐭𝐢𝐦𝐢𝐝𝐚𝐬𝐢 𝐀𝐬𝐩𝐢𝐫𝐚𝐬𝐢 𝐎𝐥𝐞𝐡 : 𝐏𝐮𝐭𝐫𝐚 𝐒𝐚𝐝𝐞𝐠𝐚 𝐾𝑎𝑢 𝑡𝑎𝑘 𝑠𝑒𝑔𝑎𝑛, 𝑡𝑎𝑘 𝑠𝑒𝑔𝑎𝑛 𝑙𝑎𝑔𝑖… 𝑀𝑒𝑚𝑏𝑒𝑟𝑎𝑛𝑔𝑢𝑠 𝑑𝑖𝑠𝑘𝑢𝑠𝑖… 𝑀𝑒𝑚𝑝𝑒𝑟𝑏𝑎𝑛𝑦𝑎𝑘 𝑝𝑒𝑟𝑠𝑒𝑘𝑢𝑠𝑖… 𝑀𝑒𝑚𝑏𝑒𝑔𝑎𝑙 𝑑𝑒𝑚𝑜𝑘𝑟𝑎𝑠𝑖… 𝐾𝑎𝑢 𝑡𝑎𝑘 𝑠𝑒𝑔𝑎𝑛, 𝑡𝑎𝑘 𝑠𝑒𝑔𝑎𝑛 𝑙𝑎𝑔𝑖… 𝑀𝑒𝑚𝑎𝑘𝑖 𝑠𝑎𝑚𝑏𝑖𝑙 𝑚𝑎𝑖𝑛 ℎ𝑎𝑘𝑖𝑚 𝑠𝑒𝑛𝑑𝑖𝑟𝑖… 𝑀𝑒𝑚𝑝𝑒𝑟𝑎𝑙𝑎𝑡 𝑎𝑝𝑎𝑟𝑎𝑡 𝑘𝑒𝑝𝑎𝑟𝑎𝑡… 𝑀𝑒𝑟𝑢𝑠𝑎𝑘 ℎ𝑎𝑘 𝑏𝑒𝑟𝑝𝑒𝑛𝑑𝑎𝑝𝑎𝑡… 𝑀𝑒𝑛𝑔𝑖𝑛𝑗𝑎𝑘 ℎ𝑢𝑘𝑢𝑚… 𝑀𝑒𝑛𝑔ℎ𝑢𝑗𝑎𝑡 𝑑𝑎𝑢𝑙𝑎𝑡 𝑟𝑎𝑘𝑦𝑎𝑡… Lagu berjudul ""𝑇𝑎𝑛𝑔𝑎𝑛 𝐵𝑒𝑠𝑖"" yang di bawakan Fadli Zon and the gank pada tahun 2018 tersebut membuatku tercekat. Sebab aku sadar jika sejatinya tembang itu sengaja di ciptakan untuk Jokowi. Mengingat di tahun-tahun tersebut Fadli Zon juga massif mengembangkan kemampuan bersyairnya untuk melayangkan hujatan kepada pemerintahan Jokowi. Rupanya koalisi gendut ini baperan juga ya. Padahal di dalamnya sudah ada dukungan dari bapak kepala negara loh, tapi kenapa masih takut (truncated)";hate
indodisc_26622;@USER emg sih kita harus punya sisi kemanusiaan harus bisa menampung mereka soalnya etnis rohingya itu sangat berguna jga utk kita contohnya ginjal, hati, bola mata mereka bisa berguna utk hal medis indo loudly crying face;hate
indodisc_5309;Tawaf PM Israel Netanyahu Ajak Negara Arab untuk Melawan Hamas TAWAF TV Tawaftv Tawaf TV @USER Perdana Menteri (PM) Israel Benyamin Netanyahu mengajak negara Arab bersama-sama memerangi Hamas. Menurutnya Hamas hanya akan membawa darah dan kemiskinan di Gaza. “Kepada para pemimpin negara-negara Arab, para pemimpin yang mengkhawatirkan masa depan negaranya dan Timur Tengah, saya katakan satu hal: Anda harus tampil melawan Hamas. “Tidak ada yang bisa menggantikan kemenangan. Kami akan melenyapkan Hamas dan mengembalikan sandera kami,” katanya. Foto: the times of Israel terorisme israel freepalestine tawaftv;not-hate
indodisc_10156;Gila yha koq bisa sih sebanyak itu panjigumilang penggelapanuang pencucianuang;not-hate
indodisc_21999;Gila salah alamat kirain tempat yang setelahnya binus… ternyata sebelumnya binus;not-hate
indodisc_22930;Soal MK sy sama seperti TPN Ganjar presiden & PDIP, makanya ga pernah ngamuk2 soal MK, fokus menangkan Ganjar. Sy dukung Jokowi Krn percaya & yakin dia orang baik. Kalo belum apa2 sdh menuduh dan menyerang Jokowi dgn membabi buta lalu apa bedanya kadrun.;hate
indodisc_9138;Putusan MK mengenai batas minimal usia capres cawapres yang dianggap cacat hukum mendapat sorotan dari media vietnam OrdeBaruReborn PAMANGUILTY ://://;hate
indodisc_24325;Calon Wakil Presiden nomor urut 1, Muhaimin Iskandar mengatakan, Angka pengangguran di Indonesia mencapai 8 juta dengan 80 juta penduduk bekerja tetapi di sektor informal. “Angka pengangguran sudah 8 juta, 80 juta memang bekerja tetapi di sektor informal. Mereka tidak mendapat penghasilan yang pasti, bahkan dompetnya dipastikan tipis,” kata Muhaimin dalam debat Capres-Cawapres yang digelar oleh KPU, 22 Desember 2023. Benarkah klaim itu? Benar, Klaim Muhaimin Iskandar Jumlah Pengangguran di Indonesia Capai 8 Juta dan 80 Juta Bekerja di Sektor Informal;not-hate
indodisc_1471;JUST INFOPEDIA PALES TINDONESIA PERATURAN MENTERI LUAR NEGERI RI: DILARANG KIBARKAN BENDERA ISRAEL DAN NYANIKAN LAGU KEBANGSAAN ISRAEL. JUSTINFOPEDIA Menteri Luar Negeri (Menlu) Retno Marsudi mengeluarkan aturan baru yang melarang mengibarkan bendera dan menyanyikan lagu kebangsaan Israel. Aturan ini sebagai bentuk ketegasan pemerintah Indonesia. . Dalam aturan yang ditandatangani Menlu Retno disebutkan ‘tidak diizinkan pengibaran/penggunaan bendera, lambang, dan atribut lainnya serta pengumandangan lagu kebangsaan Israel di wilayah Republik Indonesia’. . Sementara dalam kasus pengibaran bendera negara asing, rupanya hal tersebut telah diatur dalam Peraturan Pemerintah Nomor 41 Tahun 1958 tentang penggunaan bendera kebangsaan asing. . Kedua hal tersebut diduga menjadi dasar dikeluarkannya aturan baru mengenai larangan mengibarkan bendera Israel dan menyanyikan lagu kebangsaannya. . Indonesia sendiri memang tidak memiliki hubungan diplomatik dengan Israel. Bahkan hal tersebut telah diatur dalam Peraturan Menteri Luar Negeri (Permenlu) Nomor 3 Tahun 2019 dalam Bab X Hal Khusus poin B nomor 150 yang berbunyi. . Sumber : jawapos . Follow @USER . Jangan lupa like dan save jika kamu suka dengan konten seperti ini. justinfopedia;not-hate
indodisc_16544;sinting badan gua kek abis ketiban banteng;not-hate
indodisc_18112;PREDIKSI TOGEL CHINA NIGHT SABTU 16 SEPTEMBER 2023 chinapoolsnight bandartogel togelonline agentogel juditogel juditogelonline skintoto prediksitogel prediksitogelonline daftartogel prediksichina prediksichinapools prediksichinapoolsnight livedrawchina;not-hate
indodisc_26;“BERSIAPLAH INDONESIA AKAN DI MISKINKAN TERNYATA ADA SKENARIO INI ANTARA GANJAR, JOKOWI DAN KOMUNIS CINA Alamat jadi kacung lagi nih… hingga tega merendahkan bangsanya sendiri. Yakin cawapres ini jika jika jadi presiden bisa membawa NKRI menjadi negara yang beraulat dan bermartabat..?!!!?” GAMBAR GANJAR PRANOWO BERSALAMAN DENGAN PRESIDEN TIONGKOK;hate
indodisc_16929;Gila sihb gilaaaa aliggggv;not-hate
indodisc_3162;Pengeluaran ISRAEL Pools Hari RABU , 13 SEPTEMBER 2023 Result : 9516 Shio : TIKUS ʟɪɴᴋ : totolotre jackpot jppaus nomorsatu fyp viral foryou terdepan tranding gaming gameonline popular seru rezekibaru indonesia emas jakarta aceh;not-hate
indodisc_5940;"Barusan lihat footage dari hamas yg nerobos perbatasan gaza timur, berkali"" ngucap syahadat seperti muslim pada umumnya. Ustad"" yang asal ngomong hamas syiah ini berarti kurang riset.";hate
indodisc_11624;Ceritanya gue pengen beli Case bebek buat ketemu seunghwan nanti tapi tokonya dr Cina dan udah lenyap asu;not-hate
indodisc_2408;"OKC PKS PKS Kutuk Deklarasi Perang IsrÄel atas Palestir Badan-Badar PBB seperti Dewan Keamanan harus segera bersidang dan mengambil resolusi yang lebih tegas agar Israel mendapat sanksi yang setimpal atas agresi yang dilakukan sisi lain pasukan keamanan PBB dan badan pengungsi dan hak asasi (UNHCR) harus ditempatkan dan bertanggung jawab penuh untuk melindungi rakyat Palestina,"" Dr. H. JAZULI JUWAINI, MA Ketua Fraksi TH $ fraksipksdprri @USER Memperjuangkan hak atas tanah yang dirampas oleh penjajah adalah bagian dari PERJUANGAN. Bangsa Indonesia, umat Islam, dan Fraksi PKS, teguh dalam mendukung bangsa Palestina dan mengutuk kesewenang-wenangan Israel double exclamation mark || @ (Ketua Fraksi PKS DPR RI) fraksipksdprri PKSpembelaRakyat PKSnomor8";hate
indodisc_13362;kena error di situsnya Kereta Cepat dalam bahasa Cina smiling face with tear smiling face with tear;not-hate
indodisc_28132;@USER Siapa bilang sejak merdeka,.presiden itu org Jawa? Soeharto, China BJ, Habibie dari mana? Baru kali ini aku lht, org Batak bodoh, wkwkwk;hate
indodisc_5835;Siapa Yang Pertama Kali Merayakan Maulid Nabi? Ya x Tidak ittiba. Web Resmi Asal Usul Maulid Nabi Nabi Muhammad Abu Bakr Ash-Shii Umar bin Khattab Utsman bin Affan Ali bin Abi Thalib Imam Abu Hanifah Imam Malik, Imam Ahmad Imam Syafii Imam Bukhari Imam Muslim, Imam Abu Daud Imam At-Tirmidzi, Imam Nasa'i Ubaid bin Maimun Al-Qaddah Ubaid bin Maimun Al-Qaddah adalah Pemimpin Bani Fatimiyah, ia orang Yahudi yang membenci Islam dan ingin menghancurkan kaum Muslimin dari dalam dan Bani Fatimiyah adalah sekelompok orang Syiah yang memiliki pemahaman Syiah Rafidhah yang menentang Ahlusunnah. GABUNG IKHWAN 085814200260 GRUPWAIAKHWAT 08978919300;hate
indodisc_5440;Kru Palestina menyelamatkan bayi kecil dari sisa-sisa rumah lain yg dibom oleh penjajah zionis Israhell yg tdk manusiawi. GazaGenocides PrayingForPalestine;hate
indodisc_6403;antaranewscom ANTARANEWS 47 masjid dan tiga gereja di Gaza hancur akibat serangan Israel Bukan hanya Mesjid tp Grejapun menjadi korban kelejaman israel..;not-hate
indodisc_1233;Tetap SoLid Dan Tegak Lurus Buat Para Pendukung Pak GANJAR,SosiaLisasikan Truz Buat Orang2 Agar Semakin Bnyak Yg Mendukung. Jngn Kaya Pendukung SebeLah Yg Cma Bsa Nyebar Berita Atau Isu Hoaxs,GiLiran Adu Argument Dan Data Pada Mingkem.. grinning squinting face grinning squinting face grinning squinting face Krna Ternyata Msih Bnyk Yg Bodoh Atau Tidak Tau SoaL PiLihan Kita.,Jadi Mungkin Msih Bisa BeraLih Dukungan. beaming face with smiling eyes Tetap Semangat,WaLau Di Serang Ratusan Pendukung Lain..Jngn Gentar Menyebar Kebenaran. thumbs up thumbs up thumbs up;hate
indodisc_26062;@USER Usir UNHACR dan Rohingya dari Indonesia. Apalagi sampai minta pulau segala. Anehh;hate
indodisc_1806;India ke final, kl besok menang lawan China wah bener2 kemajuan pesat nih, Indonesia nangis di pojokan;hate
indodisc_13248;kasi tau akun yg ada video gay sex dong zonadewasa;hate
indodisc_10506;Pdhal tiup lilin adalah budaya yahudi tapi masih tuh diikutin sampe skrg thinking face thinking face thinking face;hate
indodisc_21531;Perdana Menteri Israel Benjamin Netanyahu mengisyaratkan bahwa dirinya masih enggan untuk mengikuti instruksi gencatan senjata sementara di Jalur Gaza. ~J IsraelHamas BenjaminNetanyahu GencatanSenjata;not-hate
indodisc_23246;UPDATE Gaza اِنّا لِلّهِ وَاِنّا اِلَيْهِ رَجِعُوْنَ 14 orang anggota sebuah keluarga tewas seketika ketika Zionis mengebom pemukiman di Rafah, Gaza. Laporan @USER Kamis 12/10/2023 GazaGarisPertahananKita;hate
indodisc_9416;Hasil Lengkap Victor China Open 2023 Babak 16 Besar : 3 Wakil INA Lolos ... @USER;not-hate
indodisc_11586;Dibutuhkan tepung Tapioka Vol 100.000 Mt/bln Trial 10.000 Mt Eksport to Cina Payment LC End Seller boleh folded hands info harga/kg (FOB Full doc eksport) beaming face with smiling eyes by Chat WA 0812 7595 3936;not-hate
indodisc_2014;"UPDATE Gaza Apakah arti seorang anak bagi orang-orang Yahudi Zionis? Kalau anak itu Palestina, maka dia tak lebih dari sekedar target yang harus dibunuh. Begitu pun, Ahlu Syam di Gaza tak berucap selain ""Laa ilaha illa Allah wa liLlahil hamd!"" @USER Kamis 12/10/2023";hate
indodisc_17913;Kepanikan yang tengah terjadi di kubu Ganjar Pranowo semakin terlihat dengan kasat mata, dan secara membabi buta mereka menghalalkan segala cara, hanya demi tujuan untuk mendokrak elektabilitasnya sebagai capres yang cenderung stagnan.;hate
indodisc_5168;Pajak yang dibayarkan untuk mensubsidi otak cebong, sekarang digunakan untuk proyek Cina di Indonesia;hate
indodisc_10624;Rumah luas di Pinggiran Malang siap huni (SHM) Lokasi: 1 menit pasar Pakisaji Malang Info: Alreza () Kami muak evan dimas baliho ganjar arab maroko bu sri jungkook iced coffe bahlil rujak BRICS UNESCO panama bima sakti coldplay palestina israel yahudi cr7;not-hate
indodisc_17126;Gila jim malem ini beneran banjir keringet anj;not-hate
indodisc_17032;"Main Ayunan Aaah .. Sambil Nunggu Pengesyahan dari KPU. "" jalan ninja dan gerilya mengorbankan ipar demi anak menuju istana "" (((((((((( 3 Periode Terselubung )))))))))) C A C A T - hukum cacat - ETIKA GibranCawapresIIegal";not-hate
indodisc_7661;Yang pasti sih cawapresnya hasil pelanggaran berat sidang etik. Alias produk cacat clown face;hate
indodisc_10922;Pasukan idf atau Israel defense forces menyeret mayat seorang palestina;hate
indodisc_5942;Kemenag Tolak Izin Pertemuan Nasional Ahmadiyah di Boyolali Jawa Tengah Salinan Fatwa MUI tentang Kesesatan Ahmadiyah Silakan simak ini. (Lampiran Buku Nabi-nabi Palsu dan Para Penyesat Umat karya Hartono Ahmad Jaiz, Pustaka Al-Kautsar, Jakarta, 2008) ://;hate
indodisc_26375;"tvone Eks Ketum PP Muhammadiyah Dln Syamsuddin: Jadilah Kaum Ansar Bagi Pengungsi Rohingya Foto:Istimewa mewa SimakSelengkapnya Follow tvonenews.com 1 ”ot @USER Eks Ketua Umum (Ketum) PP Muhammadiyah Din Syamsuddin berpesan kepada warga Aceh agar menjadi Kaum Ansar atau kaum penolong bagi para pengungsi Rohingya. ""Jadilah Kaum Ansar yang menyambut dan menerima Kaum Muhajirin waktu hijrah di Madinah dulu,"" kata dia dalam keterangan tertulis, Sabtu (30/12/2023). Menurut Din, pengungsi Rohingya merupakan kaum yang terzalimi karena terusir dari kampung halaman mereka oleh rezim militer Myanmar. Simak berita selengkapnya di HTTPURL HardNews_Viral NewsOne CariBeritaditvOne DinSyamsuddin PengungsiRohingya Viral KaumAnsar";not-hate
indodisc_654;“Nopo leres Niki kalihan pengurus nipun MDT NURUDH DHOLAM” “Inggih bapak” “Kula kalihan bapak Anang Armunanto” Akun WhatsApp Sekda Grobogan Anang Armunanto +62 815 1540 7286;not-hate
indodisc_14451;Israel Ancam Bom Konvoi Pembawa Bantuan ke Jalur Gaza;hate
indodisc_14002;"DIPALAK TaK DIBERI UANG MATA SISWA SD GRESIK BUTA AKIBAT DICOLOK PAKAI TUSUK BAKSO OLEH KaKaK KELAS SEDANG VIRAL Siswi kelas 2 SD di Menganti, Gresik berinisial SAH buta permanen usai matanya dicolok tusuk bakso. Pelaku yang diduga kakak kelas korban menganiaya SAH karena tidak diberi uang jajan. ""Karena nggak mau (memberikan uang jajan), wajah anak saya ditutupi tangan. Kemudian tusuk bakso itu dicolok-colokkan dari atas ke bawah di bagian mata kanan anak saya,"" kata ayah korban, Samsul Arif (36). Samsul mengungkapkan SAH dipalak kakak kelasnya saat lomba Agustusan. SAH yang mengikuti kegiatan sekolah di lapangan tiba-tiba ditarik kakak kelasnya ke lorong di antara ruang guru dan pagar sekolah. - - - Sumber By (Detik) sedangviral viral viralreels indonesia";not-hate
indodisc_3304;green heart dengerin lagu pake ini kyk udah ga dunia, alias budek bgt cuy moai folded hands;hate
indodisc_24902;untuk perekonomian Asia Pasifik. Kontraksi sektor manufaktur China ini tentu menjadi perhatian bagi para investor di seluruh dunia, termasuk di Indonesia.;not-hate
indodisc_6184;Dijaman Soeharto pemerintah bagi bagi tanah untuk rakyat kecil dlm bentuk ditanggung hidupnya selama banyak yg sukses. Dijaman orde IJASAH PALSU rakyat diusir dari kampungnya untuk cina..;hate
indodisc_25723;Bobon Santoso baru-baru ini menolak tawaran warganet untuk memasak bagi pengungsi Rohingya di Aceh. Meskipun dikenal sebagai pembuat konten kuliner, ia dengan tegas menolak dan menyatakan lebih memilih memasak untuk saudara-saudara kita di Papua, menyuarakan preferensi pribadi terkait bantuan kemanusiaan. Bobon Santoso baru-baru ini menolak tawaran warganet untuk memasak bagi pengungsi Rohingya di Aceh. Meskipun dikenal sebagai pembuat konten kuliner, ia dengan tegas menolak dan menyatakan lebih memilih memasak untuk saudara-saudara kita di Papua, menyuarakan preferensi pribadi terkait bantuan kemanusiaan.;not-hate
indodisc_15527;Penarikan sekelompok pasukan Penjajah Israel yang menyerbu kamp Balata.;not-hate
indodisc_23355;Mereka membiayai peluru tuk Israel menembus raga anak palestina n marah boleh tapi jangan melakukan makanan minuman sembarangan Krn itu nikmat Allah n jgn dibeli aja n abaikan;not-hate
indodisc_831;Kalau MATI di MEDAN TEMPUR melawan TENTARA YAHUDI nanti masuk SURGA lhoo druuun beaming face with smiling eyes;hate
indodisc_6649;Israel Serang Ambulans di Dekat Rumah Sakit Gaza, 15 Orang Dilaporkan Tewas Israel;not-hate
indodisc_24735;Fitnah Prabowo - Gibran pakai dasi LGBT sudah dilihat 1.3 juta orang di twitter (dalam waktu kurang dari 24 jam, dan jumlah itu baru di satu akun medsos). Sungguh sangat amat sulit melawan fitnah, karena tidak ada konten yang mampu meluruskan sebuah fitnah sepenuhnya. Bahkan… HTTPURL;hate
indodisc_13691;gila yah .. kerjaan 7 belom kelar udah diminta selesaikan laporan kegiatan yg dananya aja baru masuk kemarin. Trus sebisa mungkin sebelum tgl 19 udah verifikasi ke tim kecamatan. ini udah tgl 11 n baru ngasih tau siang tadi .. Dear Naruto, ajarkan aku kage bushin no jutsu loudly crying face loudly crying face;not-hate
indodisc_11991;BALI HARI INI PANAS BANGET GILA LU YA;not-hate
indodisc_19203;Ngeliat kelakuan penjajah israel di temlen bikin;not-hate
indodisc_20396;Kutuk Serangan Bom Israel ke Rumah Sakit di Jalur Gaza, AHY: Jelas Melanggar Hukum Humaniter Internasional. l^y PDemokrat AgusYudhoyono Demokrat Peduli;not-hate
indodisc_27320;Di Kristen juga ada nazar. Jaman gw kuliah, gw nazar ga pacaran sampai lulus. Eh, kayaknya gw lupa tuh nazar jadian sm laki sblm lulus. Pas gw inget tuh nazar, gw minta laki buat kami break dlu 3 bulan. Balik jadi kaya temen biasa selama 3 bulan itu face with tears of joy face with tears of joy . Gw fokus skripsi.;not-hate
indodisc_14573;aku sudah tidak gila menunggumu seperti kemarin;not-hate
indodisc_21977;Gila museum gajah kebakaran, makan tu Jas Merah… Kalo ga ada untungnya ga di urusin ni di Konoha. Shame.;hate
indodisc_3321;VIDEO: Joe Biden Kasih 2 Miliar Dolar Untuk Israel;hate
indodisc_16675;Dalam keterangan pers yang disiarkan melalui kanal Youtube Sekretariat Presiden, Joko Widodo (Jokowi) berbicara soal perang Israel dan Hamas di Gaza, Palestina.;not-hate
indodisc_2085;Gila mau duduk aja gak boleh loudly crying face masa gw ngemper sih loudly crying face;not-hate
indodisc_1680;"thui TARRA BUDIMAN MINTA MAAF SOAL MENYUKAI POSTINGAN GAL GADOT PRO ISRAEL Sama seperti yang lain, Tarra Budiman juga merasa teriris hatinya saat melihat Palestina diserang secara membabi buta. Source: Instagram/tarrabudiman BRL Tarra Budiman sempat jadi perbincangan hangat di media sosial gegara kedapatan menyukai unggahan Gal Gadot yang berpihak kepada Israel. Namun, rupanya telah terjadi kesalahpahaman di sini. Give them Freedom, give them love. FreePalestine,"" tutupnya. tarrabudiman galgadot palestine palestina freepalestine jakarta infojakarta indonesia viralindonesia viral seleb selebindonesia artis brilio brilionet briliodotnet";not-hate
indodisc_1419;‎'‎ النصِبحة Untukmu Para Lelaki: MESJID Bukan Produk YAHUDI Jangan pula engkau boikot, sampai-sampai engkau hanya masuk kedalamnya cuma sepekan sekali (sholat Jum'at) dan yang lebih parahnya lagi memasukinya cuma setahun sekali (sholat IdulFitri)..!! source @USER Instagram an Nashiihah daily‎'‎ Nasehat untuk para kaum pria, sholat berjamaah Lima waktu di mesjid itu wajib kecuali ada udzur syar'i.. Silakan follow kami @ @;hate
indodisc_20774;Cara check tiket di web eastern china airlines ruwet ye;not-hate
indodisc_28027;Real plot twist. Slengki sama adik ipar, sesama jenis, ayahnya saking kagetnya sampai meninggal loudly crying face Memang manusia sudah makin gila;not-hate
indodisc_21298;Ivan Gunawan kalau dibilang sebagai salah satu icon queer Indonesia, valid gak sih?;hate
indodisc_17021;PREDIKSI TOGEL CHINA POOLS – JUMAT, 20 OKTOBER 2023 ANGKA MAIN : 4 0 8 1 7 COLOK BEBAS 2D : 4 & 8 TOP 4D : 0871*1780*7048*4081 TOP 3D : 081*104*814*408*140 TOP 2D : 08*48*81*40*80*01 SHIO : KUDA ANGKA TWINS : 88 Prediksi Hukum Toto;not-hate
indodisc_20755;RMANS HEKES-BERSTROTE DESTROED OUR FAMILIE DESTROY OUR HOPES Potret para pengungsi Yahudi ketika tiba di Palestina dengan membentangkan spanduk yang besar di atas kapal bertuliskan 'Jerman menghancurkan keluarga rumah kami, jangan kau hancurkan harapan kami. Instagram @ wowcreepy id Kaum Yahudi datang sebagai pencari suaka pasca perang Dunia II, diterima sebagai tamu di Palestina, tapi kini justru balik menjajah sang tuan rumah. Dulu saat mereka datang ke Palestina dengan kapal, tahun 1948, pengungsi Yahudi membentangkan spanduk, “Don’t you destroy our hopes!” Ironis, kini mereka justru jadi penjajah yang menghancurkan harapan bahkan hidup banyak orang Palestina. Kabar terbaru dari perang yang memanas, Isra*l telah menjatuhi roket berukuran besar ke salah satu rumah sakit di Gaza. Ironisnya, kebanyakan yang menjadi korban adalah anak anak dan wanita. Mari kita doakan yang terbaik untuk perang tersebut, semoga segera berakhir dan tidak terus terusan menambah korban jiwa. .. Source: suaramuhammadiyah .. wowcreepyid negativecommentwillbeforgiven info viral;hate
indodisc_22056;rasa macam tak sia sia belakar graphic wkwkw edit dua tiga nombor je dapat RM500 buta buta. editing pulak mmg editing bodoh je face with tears of joy thumbs up medium light skin tone;hate
indodisc_25900;Pasangan nomor 3 Ganjar Mahfud paling konkret siapkan solusi atasi persoalan buruh Butet somi Guns Yere E X O kopi gratis Salma Lah Gojo Satoru lanjut gan 떡볶이코트 Rohingya npwp Vanesya lanjut gan Bangladesh HTTPURL;not-hate
indodisc_20482;Apa yg ada dipikiran kalian sehingga kalian marah setiap kali melihat Palestina melakukan serangan ke Israel sebagai bentuk pembalasan? Quit being hypocrites Gaza;hate
indodisc_6276;WAHABI, VIRUS MINORITAS BERAGAMA ISLAM @USER orang Wahabi atau Wahabisme adalah aliran dalam Islam yang puritan. Ganti casing menjadi salafi, yg dinobatkan sebagai manhaj salaf, para ajaran terdahulu kembali ke Al quran dan sunnah. Diambil dari nama tokohnya Muhammad bin abdul Wahab. Ada satu hal yang tampak jelas menandakan kelemahan logika berfikir mereka. Mereka selalu menggaungkan yg paling sunnah, Yg lain kagak sunnah kan? Mereka kan sudah dijamin masuk surga ,yg lain kagak lah ? Belajar sunnah Ala wahabi baru ente masuk surga ...What?#%%!^&*;hate
indodisc_27628;rakan_aceh Pendemo yang Tolak Pengungsi Rohingya Dipolisikan BANDA ACEH - follow @USER ~ Koordinator BEM Nusantara, MK (25) dilaporkan ke Polresta Banda Aceh karena diduga melakukan penganiayaan terhadap seorang mahasiswa lainnya bernama Sabaruddin (21), saat melakukan aksi unjuk rasa di Kanwil Kemenkumham Aceh. Laporan tersebut dibuat oleh korban, Sabaruddin. “Saya melaporkan atas kasus penganiayaan saat aksi di Kanwil Kemenkumham Aceh pada Rabu kemarin,” kata Sabaruddin kepada AJNN, Jumat, 29 Desember 2023. Menurut Sabaruddin, dia dianiaya oleh MK dipicu selisih paham. Saat itu MK saling serang dengan salah satu pegawai di Kanwil Kemenkumham, kemudian MK menuduh Sabaruddin mengambil dokumentasi saat perselisihan tersebut terjadi. “Dia tiba-tiba memanggil teman-temannya untuk memukuli saya,” kata Sabaruddin. Akibat penganiayaan tersebut, kata Sabaruddin, ia mengalami memar di beberapa bagian tubuh dan mengalami demam. “Saya juga tidak bisa kuliah seharian,” ujarnya. Tidak terima dengan perbuatan MK, Sabbaruddin melaporkan kejadian tersebut ke pihak kepolisian. “Alhamdulillah diterima laporannya, nanti kita lihat perkembangannya, semoga tidak ada intervensi dari pihak manapun,” kata Sabaruddin.*** Hastag rakan_aceh Sumber Ajnn.net;not-hate
indodisc_1847;kegiatan saya akhir2 ini adalah menyimak eti lahab sama partai socmed menggoreng sampe mateng. apalagi lawannya adalah para hama sosmed (orang2 yg sampe buta ngefans junjungannya, yg pola pikirnya pun semaunya sendiri dan merasa paling bener) wkwkw;hate
indodisc_20878;Media Amerika hingga Qatar Soroti Konflik Pulau Rempang: Penuh Kekerasan Dlm Mengelola Masyarakat check mark button Kalau perusahaan asing China tetap ngotot bangun pabrik disana maka dikhawatirkan masy tdk akan senang dgn keberadaan perusahaan China lainnya di Indonesia;hate
indodisc_15939;Warga Amrik mulai sadar bahwa Israel Zionis Israel adalah penjajah Palestinian Territories;hate
indodisc_11597;Wew itu cindo anak FEB siapa dah. Bikin siang2 mata langsung melek padahal ngantuk.;hate
indodisc_21693;Hari ini aku ama partner udah avail lagi yah bby red heart Yuk yg mau liat lesbian show boleh dikeep RRnya dari sekarang eggplant eggplant Info RR by Dm revolving hearts AvailBali FFMbali expobali angelbali balibo bobali Balilendir;not-hate
indodisc_6289;“Ya benar, kejadiannya sekitar pukul 08.45 WIB tadi pagi,” kata Kasat Lantas Polresta Banda Aceh, Sukirno, Jumat, 27 Oktober 2023. Salinan ini telah tayang di :=:;not-hate
indodisc_4183;EXPRESS zinchenko zinchenko Posts Followers Alex Zinchenko repoRm Following uat of@ Owner nchen @ STAND WITH ISRAEL Follow JELANG LAGA ARSENAL VS MANCITY NANTI MALAM. ZINCHENKO SEDIKIT MENGGANGGU SUASANA DENGAN POSTINGAN YANG CUKUP SENSITIF Kevojar Arsenal KITA LIHAT BAGAIMANA RESPONS OFFICIAL ARSENAL KE ZINCHENKO. DULU OZIL DI SUSPEND, TIDAK DIPAKAI HINGGA AKHIRNYA DIBUANG Waduh Zinchenko loudly crying face Saya sebagai fans Arsenal menganggapmu melakukan blunder besar Kalau Arsenal gak ngapa-ngapain ke Zinchenko, berarti mereka standar ganda . . s0ʟᴜsɪ ᴍ4sᴀ ᴋɪɴɪ @USER high voltage;not-hate
indodisc_15831;Pemahaman pemahamsn kristen itu memang gak logis, yg lebih gak logis lagi umatnya udah tau ajaranya gak logis eh malah tetep dianut.;hate
indodisc_10124;Media Israel dan Barat memberitakan Pejuang Hamas membantai 40 bayi Israel, berita itu ternyata dibuat-buat alias bohong. Simak video selengkapnya di HardNews_Viral FlashOne CariBeritaditvOne;not-hate
indodisc_26119;@USER Hatricklah ketololan wan jembut imigran selaras dgn buzzer buzzer kadrun pmuja tower BTS 8T double exclamation mark Oke oce gagasan SANDI,konsep Parkir Air niru dr Belanda,Sumur resapan udh ada era Sutiyoso, Banjir Era Kadal Yaman terparah krn gubernurnya dhukum pengadilan baru kerja..4-0 kadrun tolol;hate
indodisc_362;"INFO PDG Internasional China Dukung Perjuangan Rakyat Palestina: Ketidakadilan Harus Diakhiri Pemerintah China mendukung perjuangan akyat Palestina dalam menjaga hak-hak nasional mereka. Menteri Luar Negeri (Menlu) China Wang Yi menyampaikan hal itu seiring Beijing mengambil sikap yang semakinj jelas mengenai konflik Israel- Hamas. Credit GHANAIM Pasukan Israel telah melancarkan serangan udara terus menerus di Jalur Gaza dalam beberapa hari terakhir, merenggut lebih dari 2.300 nyawa di wilayah padat penduduk tersebut. Ini dilakukan setelah kelompok Hamas menerobos perbatasan dengan Israel pada tanggal 7 Oktober, menewaskan lebih dari 1.300 orang. China yang memiliki hubungan dekat dengan Iran, semakin memposisikan dirinya sebagai mediator di Timur Tengah, namun telah dikritik oleh para pejabat Barat karena tidak secara spesifik menyebut nama Hamas dalam kecamannya atas kekerasan dalam konflik Israel-Hamas. ""Akar situasi Palestina-Israel adalah hak rakyat Palestina atas kenegaraan telah dikesampingkan sejak lama,"" kata Wang dalam pembicaraan telepon dengan Menteri Luar Negeri Iran Hossein Amir-Abdollahian pada hari Minggu (15/10), dikutip kantor berita AFP, Senin (16/10/2023). ""Ketidakadilan bersejarah ini harus diakhiri sesegera mungkin,"" kata Wang, seraya menambahkan bahwa ""China akan terus berpihak pada perdamaian dan mendukung perjuangan rakyat Palestina dalam menjaga hak-hak nasional mereka."" Sementara itu, dalam panggilan telepon dengan Menlu Arab Saudi, Pangeran Faisal bin Farhan, Wang mengatakan bahwa tindakan Israel sekarang ""di luar lingkup pertahanan diri"" dan pemerintah Israel harus ""menghentikan hukuman kolektif terhadap rakyat Gaza"". ""(Israel) harus mendengarkan dengan sungguh-sungguh seruan komunitas internasional dan Sekretaris Jenderal PBB, dan menghentikan hukuman kolektif terhadap rakyat Gaza,"" tandas Wang. Wang mengatakan kepada Pangeran Faisal bahwa ""semua pihak tidak boleh mengambil tindakan apa pun untuk memperburuk situasi dan harus kembali ke meja perundingan sesegera mungkin"". Sumber :";not-hate
indodisc_838;Israel minta warga Gaza pergi dan cari negara baru untuk tempat tinggal. FAKTANYA GOOGLE Menteri Israel dan anggota senior pemerintahan Perdana Menteri Benjamin Netanyahu menyatakan bahwa Gaza sudah tidak bisa bertahan sendiri, dan sebaiknya warga Palestina pindah ke negara lain. Ini memicu protes dari warga Palestina dan negara Arab yang menganggapnya upaya mengusir paksa warga Palestina yang tersisa.;not-hate
indodisc_6346;"Orang Tua Palestina Dieksekusi Oleh Penembak Jitu Palestin Israel Setelah Muncul Di Foto Propaganda Israel Ya A loudly crying face Orang Tua Palestina Dieksekusi Oleh Penembak Jitu Israel Setelah Muncul Di Foto Propaganda Israel Tentara Israel mengambil foto dengan seorang pria tua Palestina, Bashir Haji (79), untuk tujuan PR, mengklaim untuk ""membantu"" dia dan ""membantu"" orang-orang Palestina yang terlantar. Setelah mereka selesai dengan pemotretan, Bashir dieksekusi oleh penembak jitu Israel saat dia mencoba mencapai Gaza Selatan. Mari langitkan doa dan beri dukungan terbaik untuk membantu saudara saudara kita di Gaza Palestina. Bantu Korban di Gaza Palestina bisa langsung ke rekening : - Bank Syariah Indonesia (BSI ex BSM) : 7148226746 - QRIS (Ada Di Slide Akhir) A/N : Yayasan Gerak Menebar Kebaikan Konfirmasi Donasi : DM @USER Note : Konfirmasi donasi cukup lewat DM ke @USER saja ya sahabat baik. folded hands DONASI JUGA BISA MELALUI LINK YANG ADA DI BIO KAMI YA SAHABAT BAIK. GerakMenebarKebaikan TerusTebarKebaikan BantuGazaPalestina";hate
indodisc_20815;Ada 2 alasan Iran dendam sekali dengan Israel beberapa tahun terakhir dan ini soal intelijen 1. Dibunuhnya kepala riset proyek besar nuklir Iran 2. Dibunuhnya jendral tinggi Iran dan ini sebenarnya campur tangan AS 2 kejadian ini cukup Iran murka.;hate
indodisc_7715;Ya Allah bener2 terkutuk lah zionis israel ini enraged face enraged face enraged face rumah sakit sama ambulans dibom! Tungguin aja azab dari Allah! FreePalestineNow GazaGenocide;hate
indodisc_1325;"BARU HARI INI PM SWEDIA KECEPLOSAN SEBUT ISRAEL PUNYA HAK LAKUKAN GENOSIDA Perdana Menteri Swedia Ulf Kristersson keceplosan menyebut Israel punya hak melakukan genosida di Gaza, Palestina. Hal tersebut terungkap dalam sebuah video viral di akun X pada Selasa (22/11) malam. ""Perdana Menteri Swedia tadi malam 'Israel mempunyai hak untuk melakukan genosida, tapi dengan cepat mengoreksi dirinya sendiri ' hak untuk membela diri!, lalu orang-orang berteriak,"" tulis caption dalam video tersebut.";hate
indodisc_805;Gibran melakukan kesalahan mendasar dgn menyebut asam sulfat minuman bagi bumil. Itu sama saja mau bikin janin lahir cacat atau keguguran. Emang dia sdh minta maaf. Tapi ga sesimple itu masalahnya. Dia itu mendaptarkan diri jadi calon pemimpin nasional klo salah model begitu, apa dia layak dipilih jadi pemimpin nasional? Sepertinya dia hrs direview kapasitasnya klo tdk bs repot buat bangsa ini.;hate
indodisc_6306;SIAPAKAH YANG TAKUT, BILA ANIES BASWEDAN MENJADI PRESIDEN INDONESIA 2O24..??? backhand index pointing right Fakta: Para Cukong Hitam Oligarki Komunis China, Takut Bila Anies Baswedan Jadi Presiden. Kenapa Kelompok Mereka Takut..??? Karena, Bisnis Kotor dan Haram para Cukong Hitam Oligarki Komunis China Terancam. Kenapa Terancam..??? Karena, hampir semua Bisnis Kotor dan Haram mereka, di dapatkan dengan cara: Memperalat Penyelenggara Negara yang Tidak Benar, Menabrak Aturan dan Melanggar Hukum. Dengan fakta ini: Apakah Kita masih mau bilang Anies Baswedan membahayakan Negara dan tidak memihak Rakyat..??? Jika Pikiran dan Hatimu masih terus kotor dan menilai buruk Anies Baswedan, berarti kamu perlu di bawa ke Psikiater atau Rumah Sakit Jiwa (RSJ) sekarang juga. Sungguh, Indonesia akan Rugi bila tidak Memberikan Kesempatan kepada Orang Baik yang Cerdas dan Berprestasi seperti Anies Baswedan Menjadi Presiden Indonesia..!!! Sampai disini, Kita semua sudah jelas dan paham kan, siapa Anies Baswedan itu..??? Bagaimana menurut pendapat Anda..??? SaveNKRI AyoBeraniBicaraBenar AniesBaswedanPresidenIndonesia2O24 SalamCerdasAkalSehat __________&&&__________;not-hate
indodisc_23551;@USER Saking cintanya rolling on the floor laughing rolling on the floor laughing rolling on the floor laughing rolling on the floor laughing Gini nih buah revolusi mental, Pelanggaran etik berat saja ga ada artinya buat cinta buta mereka rolling on the floor laughing rolling on the floor laughing rolling on the floor laughing Revolusi mental hanya menghasilkan manusia-manusia dungu pendukung boneka.....;hate
indodisc_58;5,3 ribu ton Nikel Indonesia dirampok Cina Jokowi cuma kaget, bg person facepalming;hate
indodisc_681;“Gerindra Beber Program Jika Jadi Presiden: Makan Gratis” Gambar Artikel CNN Indonesia “Gerindra Beber Program Jika Jadi Presiden: Makan Gratis” menggunakan foto Abu Janda;not-hate
indodisc_4552;buat Tante,janda,cewek yg di Semarang yg mau di enakin langsung DM aja.. khusus cewek tdk menerima HOMO atau GAY no modus, no tipu², no kaleng² gigolojogja gigolosemarang cowokpanggilan cowokbayaran cowokbokingan;hate
indodisc_13282;Gilaa merasa tolol banget dengan semua ini. Gila paraah paraah;hate
indodisc_15277;"MUSLIM di Malaysia tidak hanya omdo, tapi action; semua resto yang ada kaitannya dengan Yahudi Israel dijauhi , seperti: Starbuck, McD dll. Mereka tidak mau ikut menyumbang ke Israel utk membunuh Muslim Palestina";hate
indodisc_9470;Israel kembali melakukan serangan udara ke Gaza, pada Sabtu lalu. Akibat serangan tersebut, 2,3 juta penduduk di wilayah tersebut kehabisan makanan, air, obat-obatan, dan bahan bakar. ://;not-hate
indodisc_7463;PREDIKSI SKOR Timnas Indonesia vs China Taipei Asian Games 2023, Statistik dan Susunan Pemain Hari Ini;not-hate
indodisc_4899;gay jgn ngchat gw anj, apalagi smpe nyamar jd cewe;hate
indodisc_22202;Hamas tidak menargetkan warga sipil.. tetapi yahudi Israel jelas2 menargetkan warga sipil.. mana ham mana pbb.. hello yahudi pesek;hate
indodisc_13863;“Kami tidak membutuhkan orang Arab… kami memiliki Allah semesta alam bersama kami!” Seorang bibi Palestina berdiri di samping sisa-sisa anak-anaknya setelah tentara Israel membunuh beberapa dari mereka setelah mengebom mereka di Gaza utara. they only have you, Allah SWT loudly crying face palms up together …;hate
indodisc_13072;Roni Abdul Fattah Baru saja Pernyataan 4BU UB41DAH lebih dipercaya oleh rakyat 1srahell sendiri daripada pernyataan B3nyam1n Setanyahu . Pernyataan 4BU UB41DAH lebih dipercaya oleh rakyat 1srahell sendiri daripada pernyataan B3nyam1n Setanyahu;not-hate
indodisc_8589;Koalisi Masyarakat Sipil Kawal Pemilu Demokratis menyebut pencalonan Gibran sebagai cawapres pendamping Prabowo terbilang cacat hukum dan cacat etika. Majunya Gibran sebagai cawapres, tidak memiliki legitimasi hukum yang kuat!!! Gibran Cawapres Ilegal ://;hate
indodisc_24657;Ini kenyataan dan bisa dilihat. Orang Islam begitu, Kristen begitu, yang Hindu-Buddha begitu, yang Pagan atau Satanisme juga begitu. Sudah begitu ada banyak varianya dalam setiap golongan itu. Dalam golongan orang Islam, ada umat yang begini, di sisi lain ada yang begitu, dst;not-hate
indodisc_12049;Anjirlah org yg ngejudge korban kekerasan sexual, ngebantu kaga tp nyudutin iya. Ga cewe ga cowo sama sama sinting;hate
indodisc_24369;Menjelang MBC Entertainment Awards 2023, para selebriti tampil di karpet merah untuk upacara tahun ini! Pada tanggal 29 Desember, MBC mengadakan penghargaan akhir tahun tahunan untuk merayakan pencapaian terbesar jaringan tersebut dalam berbagai program dan hiburan selama setahun terakhir. Acara tahun ini dipandu oleh Dex, Jun Hyun Moo, dan Lee Se Young. Selain ketiga MC, karpet merah menampilkan banyak komedian, penyanyi, aktor, dan tokoh TV yang muncul di variety show MBC. Simak beberapa foto karpet merah tahun ini di bawah ini! MC: Dex, Lee Se Young, dan Jun Hyun Moo “Home Alone” — Lee Jang Woo, Lee Joo Seung, Kim Dae Ho, Code Kunst, SHINee’s Key, Kian84, Park Na Rae, Jun Hyun Moo “The Manager” — Lee Guk Joo, Shin Gi Ru, Pungja, Yang Se Hyung, Manager Song, Lee Young Ja, Yoo Byung Jae, Song Eun Yi, Jun Hyun Moo Jang Do Yeon, Jihyo TWICE dan Yoon Se Yoon “Music Core” – Younghoon THE BOYZ dan Sullyoon NMIXX’s “Radio DJs” — Kim Il Joong, Lee Seok Hoon, Shinji, JaeJae “Adventure By Accident 3” — Pani Bottle, Dex, Kian84, Jang Do Yeon, Lee Si Eon, Lee Seung Hoon WINNER “Where Is My Home” — Yang Se Hyung, Kim Dae Ho, Yang Se Chan, Lee Yoo Jin, Park Na Rae, Jang Dong Min “Alumni Lovers” — Kim Dae Ho, Kwon Eun Bi, Lee Eun Ji, Yoo Byung Jae “How Do You Play?” — Joo Woo Jae, Park Jin Joo, Lovelyz’s Mijoo, Lee Yi Kyung, HaHa, Yoo Jae Suk Source: Soompi kplaylistid mbcentertaimentawards Menjelang MBC Entertainment Awards 2023, para selebriti tampil di karpet merah untuk upacara tahun ini! Pada tanggal 29 Desember, MBC mengadakan penghargaan akhir tahun tahunan untuk merayakan pencapaian terbesar jaringan tersebut dalam berbagai program dan hiburan selama setahun terakhir. Acara tahun ini dipandu oleh Dex, Jun Hyun Moo, dan Lee Se Young. Selain ketiga MC, karpet merah menampilkan banyak komedian, penyanyi, aktor, dan tokoh TV yang muncul di variety show MBC. Simak beberapa foto karpet merah tahun ini di bawah ini! MC: Dex, Lee Se Young, dan Jun Hyun Moo “Home Alone” — Lee Jang Woo, Lee Joo Seung, Kim Dae Ho, Code Kunst, SHINee’s Key, Kian84, Park Na Rae, Jun Hyun Moo “The Manager” — Lee Guk Joo, Shin Gi Ru, Pungja, Yang Se Hyung, Manager Song, Lee Young Ja, Yoo Byung Jae, Song Eun Yi, Jun Hyun Moo Jang Do Yeon, Jihyo TWICE dan Yoon Se Yoon “Music Core” – Younghoon THE BOYZ dan Sullyoon NMIXX’s “Radio DJs” — Kim Il Joong, Lee Seok Hoon, Shinji, JaeJae “Adventure By Accident 3” — Pani Bottle, Dex, Kian84, Jang Do Yeon, Lee Si Eon, Lee Seung Hoon WINNER “Where Is My Home” — Yang Se Hyung, Kim Dae Ho, Yang Se Chan, Lee Yoo Jin, Park Na Rae, Jang Dong Min “Alumni Lovers” — Kim Dae Ho, Kwon Eun Bi, Lee Eun Ji, Yoo Byung Jae “How Do You Play?” — Joo Woo Jae, Park Jin Joo, Lovelyz’s Mijoo, Lee Yi Kyung, HaHa, Yoo Jae Suk Source: Soompi kplaylistid mbcentertaimentawards;not-hate
indodisc_19594;Holy fak, belum sempet aja catch up sama All Out tapi ratingnya si Meltzer ini gila bener Yang udah nonton setuju ga sama rating ini?;not-hate
indodisc_22708;Gal Gadot Arab Saudi Hamas Palestina Israel Ratih Syailendra Dkriuk Yahudi Haaland Halloween Jatinangor Messi Selena GDA di Jakarta Bebas Banjir Durian ITS A HUMANITARIAN DUTY Mesir;not-hate
indodisc_7508;Result update of Suhandinata Cup! Semi Final Indonesia 1 - 0 Chinese Taipei Indonesian: Berlangsung ketat sejak game pertama, angka pertama menjadi milik tim merah putih! Mantap anak muda!! Skor 1-0 untuk Indonesia. Pertandingan akan dilanjutkan dengan nomor tunggal putra. Good luck Alwi! Mari kita doakan yang terbaik! Semangat Junior! spokane usa washington SuhandinataCup bwfworldjuniorchampionships Spokane2023 badminton badmintonplayer indonesia bulutangkis 羽毛球 バドミントン 배드민턴 Result update of Suhandinata Cup! Semi Final Indonesia 1 - 0 Chinese Taipei Indonesian: Berlangsung ketat sejak game pertama, angka pertama menjadi milik tim merah putih! Mantap anak muda!! Skor 1-0 untuk Indonesia. Pertandingan akan dilanjutkan dengan nomor tunggal putra. Good luck Alwi! Mari kita doakan yang terbaik! Semangat Junior! spokane usa washington SuhandinataCup bwfworldjuniorchampionships Spokane2023 badminton badmintonplayer indonesia bulutangkis 羽毛球 バドミントン 배드민턴;not-hate
indodisc_7804;ahilah ibu ibu gendut tai ngapa protes aje sih pdhl yg atasan jg ga ribet tai;hate
indodisc_7917;GILA INI -ILICHIL BENERAN GILA!!!! loudly crying face loudly crying face loudly crying face heart on fire heart on fire;hate
indodisc_22395;Gemes baca berita tentang israel yg gini yg gini. Benci banget!!!;hate
indodisc_4572;087720003965 Open bo Gay samarinda dan gay balikpapan bisa pijat juga . gaysamarinda gaykaltim gaybalikpapan openbosamarinda pijatsamarinda pijitsamarinda massagesamarinda botsamarinda pijitbalikpapan pijatbalikpapan pijetbalikpapan massagebalikpapan pijatkaltim;hate
indodisc_59;Satu ini memiting rakyatnya Satu lagi ingin membuldoser rakyatnya Inilah rezi biadab yang disanjung 80% rakyatnya. Mantap petugas cina;hate
indodisc_17696;Pray For Palestina Zionist Israel Biad*b bgt Sudah tidak bermoral;not-hate
indodisc_4218;S NEWS VIDEO SURIAH GAGALKAN RUDAL ISRAEL MENUJU GUDANG SENJATA HIZBULLAH;not-hate
indodisc_4856;“Walaupun beroperasi di Indonesia, kalau ingin mendaftar harus pakai Bahasa Mandarin, untuk katak pembina dan kaum beludru agar anda menguasai Bahasa Mandarin ini solusinya…” Padahal Beroperasi di Indonesia, Daftar Kerja di KCIC Harus Bisa Berbahasa Mandarin;not-hate
indodisc_22642;"L'Histoire se Répète"" sebuah pepatah Perancis yang artinya sejarah akan kembali berulang. Termasuk sejarah kebencian kaum Yahudi terhadap umat Islam. Mereka tidak pernah senang dengan kedamaian yang didapatkan kaum muslimin, terutama Palestina.";hate
indodisc_1219;MASIH MAU LANJUT PRABOWI GIBRAN JELAS CACAT HUKUM? LEBIH BAIK MUNDURLAH GIBRAN ? MASAMU BUKAN SEKARANG ?.TUNGGU SABAR USIAMU PERSIAPKAN UNTUK NANTI?;hate
indodisc_19405;PREDIKSI TOGEL CHINA POOLS – 11 SEPTEMBER 2023 ANGKA MAIN : 7 2 1 9 6 COLOK BEBAS 2D : 2 & 1 TOP 4D : 2169*6271*9612*7219 TOP 3D : 219*721*197*972*927 TOP 2D : 17*27*21*79*92*12 SHIO : AYAM ANGKA TWINS : 22 Prediksi Tasik Toto;not-hate
indodisc_20113;Anies Baswedan Ketua KPK Pak Ganjar Fuji ODGJ Sri Mulyani Nyesel Goblok Bu Susi Panas Gemoy Muda Bersatu PKS NGAPAIN AJA Puas INKA Puan Profesor Polisi SalmaSalsabil;not-hate
indodisc_18229;BUAT YANG PULANG ATAU BERANGKAT KERJA ARAH CILEUNGSI - CIBUBUR ATAU SEBALIKNYA, HATI HATI ADA MALING DI ANGKUTAN UMUM, CIRI CIRI MUKANYA CINDO;hate
indodisc_8896;Politisi di US banyak yang di endorse sama kalangan Yahudi. Ya mirip kayak politisi dan aparat kita yang banyak disponsorin sama chindo lah.;hate
indodisc_4394;Viral Beras Impor China Beracun dan Mengandung Plastik, Dirut Bulog Geram;hate
indodisc_25960;vc jew di balik klip yang ditonton sejuta kali lihat di komentar v sod;not-hate
indodisc_5037;DAPAT RESTU KELUARGA BESAR MAHFUD SE JATIM..PASANGAN GANJAR MAHFUD DI RESTUI TRAH GUSDUR BREAKING NEWS…!! DIRESTUI KELUARGA BESAR MAHFUD MD PASANGAN GANJAR-MAHFUD MD DIRESTUI TRAH GUSDUR PASANGAN GANJAR-MAHFUD MD DIRESTUI TRAH GUS DUR;not-hate
indodisc_5824;RENUNGAN TRAGEDI GAZA Syaikh Sulaiman Ar-Ruhaili (Imam & Khatib Masjid Quba' serta Pengajar di Masjid Nabawi) hafizhahullah berkata: 1. Seorang Ahlussunnah yang Allah berikan taufiq selalu berpegang teguh dengan baiat kepada pemimpin kaum muslimin (di negerinya) dan menyeru (umat) kepadanya serta mencurahkan nasihat kepadanya dengan tidak menjatuhkan martabatnya. Dia sekedar menasihati (dengan cara rahasia dan dengan lemah lembut) serta tidak mencaci maki pemimpinnya dan tidak ridha kalau ada yang mencelanya. 2. Sungguh aib jika ada seorang muslim yang tidak ikut andil di dalamnya. 5. Sesungguhnya ahli batil dan para pengikut pemikiran yang menyimpang, mempermainkan perasaan kaum muslimin dan menggunakan kesempatan dalam kesempitan saudara-saudara kita di Palestina untuk menarik manusia kepada kebatilan mereka dan pemikiran mereka yang menyimpang (baik dari kalangan harakiyyin, sururiyyin maupun Syiah Rafidhah). (Lanjutan di kolom komentar);hate
indodisc_1518;"detikcom Netanyahu Tegaskan Akan Akan Lanjutkan Perang di Gaza Sampai Sandera Dibebaskan Perdana Menteri (PM) Israel Benjamin Netanyahu mengatakan operasi militer Israel serta upaya diplomatik membantu pembebasan para sandera akan terus dilakukan. Netanyahu menegaskan akan terus melanjutkan perang di Gaza.⁣ ⁣ Pada konferensi pers dilansir Al Jazeera, Minggu (3/12/2023) Netanyahu mengatakan perang ""akan terus berlanjut sampai kita mencapai semua tujuan kita, yaitu mendapatkan kembali para tawanan dan melenyapkan Hamas. Operasi darat diperlukan untuk mencapai tujuan yang disebutkan di atas."" Netanyahu menambahkan tentara bertempur sesuai dengan hukum kemanusiaan internasional.⁣ ⁣ Warga Israel yang dibebaskan dalam seminggu terakhir oleh Hamas dari Gaza menyerukan agar sesama tawanan dibebaskan.⁣ ⁣ Foto: Tangkapan Layar Video Reuters/GPO⁣ ⁣ detikcom Netanyahu BenjaminNetanyahu Israel Gaza Hamas Palestina";not-hate
indodisc_3407;tote Coelave 54.683 suka khaledbeydoun Hanya 800 sampai 1.000 orang Kristen diyakini masih tinggal di Gaza, yang merupakan komunitas Kristen tertua di dunia, berasal dari abad pertama. Mereka juga diusir dan dibunuh. Seluruh kelompok iman padam di tanah tempat Kekristenan berasal Sumber: AJ;not-hate
indodisc_25378;@USER Ini org terindikasi pengikut syiah walaupun org NU;hate
indodisc_21303;It happened more than 5y ago tp traumanya gapernah ilang, ky selamat dari kecelakaan, gk mati, tp cacat seumur hidup. Sial.;not-hate
indodisc_11256;Hai sayang, orang yang ku kenal selama hampir 1 dekade ini, sudah berbagai cara ku lakukan untuk membuat mu sadar ada orang benar-benar tulus mencintai mu tanpa alasan. Tapi kau buta seakan akan tidak pernah menganggap dan melihat seserius itu kepada mu.;hate
indodisc_25674;Ratusan pengungsi Rohingya yang berada di penampungan kawasan Pantai Gampong Blang Raya, Kabupaten Pidie, Aceh dipindahkan jauh dari pemukiman. Tindakan tersebut dilakukan karena mereka buang air besar (BAB) sembarangan di tambak milik warga setempat. . Follow Sosial Media Sukabumiupdate.com ______________________________________ Facebook HTTPURL Instagram HTTPURL YouTube HTTPURL Dailymotion HTTPURL TikTok HTTPURL Twitter HTTPURL;hate
indodisc_4948;pen bgt gw ngetwit kalo gw benci bgt sm gay munafik. kalo mau ngesex ngaku aja. kan bisa pake bahasa yg lucu atau bahasa keren. ga usah kayak yg sok2 pengen kliatan mahal ehh ujung2nya ngentot jg.;hate
indodisc_28249;Surya Paloh tarik Dukungannya untuk Anies dan Cak Imin : “Surya Paloh tarik Dukungannya untuk Anies dan Cak Imin”;not-hate
indodisc_27830;Buahhsegartumpek Rp1,000 - 81116 Price List Harga Edisii Tumpekk Pengataagg Apel Fuji mini @USER Apel Fuji kls 1 @USER Apel Fuji Premium @USER Apel merah @USER Pir Yalie @USER Pir Century @USER Pir Hijau @USER Jeruk Santang @USER Jeruk Kinow @USER Jeruk Wogan @USER Jeruk Ponkaam @USER Sunkist Navel @USER Anggur merah cina @USER Anggur Merah Peru @USER Anggur Autum Hitem @USER Anggur Hijau Perpack 500gr @USER Salak Bali Porong Karangasem Sedang @USER Salak Bali Porong Karangasem Jumbo @USER Salak gula super @USER Jeruk Siem @USER Manggis @USER Wani @USER Sabo Manila @USER Buah pack mini ( Anggur mrh,Anggur Autum,Anggur Hijau,dan Santang ) @USER HARGA SEWAKTU WAKTU BISA BERUBAH MENGIKUTI HARGA GUDANG folded hands ALAMAT : TOKO DIAH SHOP JL SURAPATI TIMUR SECATA PREMPATAN KOMODO KUBUJATI DPN ALFAMART KUBUJATI WA 0881037500996;not-hate
indodisc_24160;KOMPAS.com - Beredar video yang diklaim menunjukkan kapal feri berisi pengungsi Rohingya dalam perjalanan menuju Indonesia. Berdasarkan penelusuran Tim Cek Fakta Kompas.com, klaim tersebut tidak benar atau hoaks. Video yang diklaim menunjukkan kapal feri berisi pengungsi Rohingya dalam perjalanan menuju Indonesia dibagikan akun TikTok ini (arsip) pada 13 Desember 2023. Berikut narasi yang dibagikan: Rohingya di Aceh SabangRohingya di Aceh sekarangUNHCR Indonesia Pada video itu, tersemat teks sebagai berikut: OTW INDONESIA warga indonesia siapkan makanan yg enak ya kami segera datang Kapal Feri Berisi Pengungsi Rohingya Menuju Indonesia;not-hate
indodisc_32;Nama Nama Negara yang pertamai kali mengakui kemerdekaan bangsa I Ko Negara china gk ada ya yang slalu mengaku ngaku atas menamakan jual pancasila dan slalu di korupsinya dangan dikuasa 9 naga dan para titisannya PKI Oligarki sampai saat ini face with tears of joy face with tears of joy face with tears of joy;hate
indodisc_19833;Ganjar cukup independen, Tidak terlihat dia jadi boneka siapa pun. Mata Najwa PPPK Tante Lina Terbuka 40 T TKA China Pak Prabowo;not-hate
indodisc_25536;Pemimpin oposisi Israel Yair Lapid mengatakan bahwa Perdana Menteri (PM) Benjamin Netanyahu telah kehilangan kepercayaan masyarakat Israel.;not-hate
indodisc_9253;Sejumlah negara ramai-ramai mengecam agresi Israel ke Gaza, Palestina. Bahkan di antaranya juga memutus hubungan diplomatik dengan Israel. ://;not-hate
indodisc_7246;ESMI AHOK DI LANTIK JADI KETUA KPK – JOKOWI PIMPIN LANGSUNG SUMPAH JABATAN ?! Akun Youtube “Pilihan Rakyat” pada tanggal 2 September 2023 mengunggah sebuah video dengan klaim Ahok resmi dilantik menjadi ketua KPK. Dalam thumbnail digambarkan Basuki Tjahaja Purnama (Ahok) melakukan sumpah jabatan yang dipimpin langsung oleh Presiden Jokowi. Setelah dilakukan penelusuran klaim tersebut tidak mempunyai bukti yang kredibel. Video berdurasi 11 menit 27 detik tersebut, tidak membahas mengenai pelantikan Ahok melainkan membahas mengenai pernyataan Ahok yang menyebut dirinya sebagai “Anjing penjaga uang rakyat”. Dilansir dari cnbcindonesia.com, faktanya saat ini Ahok menjabat sebagai Komisaris Utama BUMN PT PERTAMINA dan Ketua KPK RI saat ini ialah Firli Bahuri. Ahok Resmi Dilantik Menjadi Ketua KPK;not-hate
indodisc_6198;TKA ASENG(CHINA) Di Morowali sudah berani menghakimi waga masyarakat Pribumi dan ini sangat biadab dan Tolong Aparat Keamanan harus segera menangkap para pelaku untuk di proses hukum.. Dan jadilah Aparat yang membela warga masyarakat dengan rasa keadilan untuk Bangsa dan N;hate
indodisc_15972;ODGJ (Orang Dalam Genre Jamaika);not-hate
indodisc_24796;ANTARANEWS Saksi mata ungkap bagaimana Israel bantai warga Gaza di sekolah Shadia Memang buas ini zionis israel, Mreka pikir akan habis warga sipil palestina, Fisiknya boleh meninggal tp semangatnya untuk mengusir penjajah tak akan padam , spt para pejuang Indonesia di masa penjajahan;hate
indodisc_4068;KALAU NON MUSLIM MASIH PILIH CAPRES YG DI DUKUNG KLOMPOK RADIKAL INI, BERARTI MATANYA UDH BUTA.;hate
indodisc_20488;punya cabang di jogja dari 2019 parah sih faridha klo 2024 kamu belum punya aset di sana ayokkkk !! iso .. target , di target !! jangan boros jangan gila;not-hate
indodisc_20580;19 Sept 2016, remaja BaitulMaqdis, Ayman Al-Kurd, membalas kezaliman Zionis dg menusuk 2 polisi. Lalu 13 peluru menembus tubuh Ayman. Kini dia lumpuh & bergulat melawan sakit dalam tahanan karena banyaknya serpihan peluru di tubuhnya. Hukuman atas Ayman? 35 tahun penjara!;hate
indodisc_5684;Kita musuhi Wahabi Israel zionis Kris 10 Manusia paling laknat dimuka bumi membawa Bani kolor Bani domba Bani penjajah NKRI harga mati bela Islam bela rakyat # Islam Palestina handshake Islam Iran & Irak # Islam Suni handshake Islam Syiah # Islam NU handshake Islam Muhammadiyah;hate
indodisc_19681;Pasukan Brigade Lapis Baja ke-7 Israel telah merebut pos terdepan dan kamp pelatihan binatang Hamas di Jalur Gaza utara selama sehari terakhir, menyita puluhan senjata dan melenyapkan sekitar 30 binatang anggota teroris.;not-hate
indodisc_9251;Aksi Bantu Palestina, Seribuan Siswa Galang Donasi dan Serukan Boikot Produk Israel di Medan;hate
indodisc_10301;‎'‎GoodStats 10 Negara dengan Penduduk Yahudi Terbanyak 1. Israel Amerika AmerikaSerikat Serikat 6.340.600 3. Perancis 5.700.000 Kanada 448.000 5. Pada tahun 2023, diperkirakan terdapat 6.340.600 populasi Yahudi di Israel. Jumlah ini setara dengan 43% dari total populasi Yahudi di seluruh dunia. Amerika Serikat menyusul di posisi kedua, menjadi tempat tinggal bagi 5.700.000 kaum Yahudi, atau sekitar 39% dari total kaum Yahudi di seluruh dunia. goodstats gnfi literasidata infografik;not-hate
indodisc_13391;Rezim Zionis NAZI ISRAEL kembali membombardir area sekitar RS Indonesia Gaza di utara Gaza .;not-hate
indodisc_19060;Asam Keung untuk Makan Siang. Stop Makan produk Zionis yg dukung bunuh Bayi, Anak Anak dan Perempuan di Palestine Palestinian Territories;hate
indodisc_21237;Sebuah Upaya Penyelamatan Janin Dari Rahim Ibunya yang Syahid Akibat Pemboman YAHUDI ISRAEL LAKNATULLAH JAHANNAM di Gaza.;hate
indodisc_8244;Di Twitter lumayan mendingan drpd di IG buzzer zionis nya buanyak bgt. Tiap liat comment pasti byk bgt yg pengen gue cubit ginjalnya tu buzzer najissss;not-hate
indodisc_5180;اللَّهُـــمَّے صَــلِّے عَلَــى مُحَـــمَّدٍ و عَلَــى آلِے مُحَـــــــمَّد بـــــــسم اللّـــــــه الرّحمن الرّحيـــــــم JIKA ISLAM SUDAH MEMBINGUNGKAN..MAKA CARILAH DIMADINAH..KOTA SUCI YANG ALLAH TELAH BERJANJI UNTUK MENJAGANYA... KALAU SEANDAINYA MEKKAH & MADINAH DIKUASI OLEH KAUM YANG TIDAK DI JULUKI WAHABI? NGGAK TERBAYANG kalau MEKAH dan MADINAH dikuasi orang² sufi,syiah,ahlul bid'ah dan semacamnya. -Pasti dinding kab'ah, Masjidil Haram, Masjid Nabawi dan bangunan lainnya di tempeli foto para Habib di kalangan mereka, foto wali, foto para syeich. Lalu banyak orang yang masuk kedalam agama Allâh Azza wa Jalla ini. Dan (truncated);hate
indodisc_22387;Mungkin saya hanya bisa mendoakan yg terbaik untuk Palestina, mengecam keras Israel ! Hati semua manusia dibumi ini ikut merasakan tanpa pandang sisi agama atau sisi2 yg lain dari kekejaman yg terjadi, semua akan membela, membantu, menolong Pelastina dengan/dari sisi Kemanusiaan.;hate
indodisc_14238;"Selamat pagi teman-teman! Kabar baik datang dari China Unicom dan Huawei yang telah membantu Exquisite Automotive Systems Co, Ltd. (""EA"") dalam menerapkan lini produksi fleksibel menggunakan solusi 5G-Advanced. Dalam segmen komersial, solusi";not-hate
indodisc_3713;Menjadi pemateri dalam kuliah umum di Universitas Kristen Maranatha, Ganjar Pranowo sampaikan gagasannya. Di hadapan para mahasiswa, Ganjar canangkan program tingkatkan mutu pendidikan yang bertujuan berantas kemiskinan, bernama 1 keluarga miskin 1 sarjana.;not-hate
indodisc_4949;LGBT bilang kita harus menerima manusia apa adanya, tapi mereka tidak bisa menerima diri mereka sendiri sebagaimana mestinya.;hate
indodisc_4374;Menjawab orang2 yg nyinyir terhadap Gerakan BDS Boikot Divestasi dan Sanksi terhadap produk dan produsen yg mendanai Zionis Israel BoycottIsraelProduct BoycottIsraeliGoods WeStandWithPalestine FreePalestine;not-hate
indodisc_21060;iNews NEWS Menlu AS Tegaskan Palestina Harus Jadi Negara Merdeka Berdampingan dengan Israel Foto: Reuters Menteri Luar Negeri Amerika Serikat Antony Blinken menegaskan Palestina harus menjadi negara merdeka. Blinken mengklaim Palestina bisa hidup damai berdampingan dengan Israel. Blinken berencana untuk membahas hal ini dengan para pemimpin Israel dan Palestina. Blinken menegaskan perdamaian dan stabilitas jangka panjang dunia menjadi fokus utama. Ia menyebut 'solusi dua negara' sebagai pilihan terbaik. Baca selengkapnya iNews news gaza israel palestina amerika usa america as palestine merdeka freedom;not-hate
indodisc_28421;@USER apa apa lgbt anjg lah;hate
indodisc_16116;Knp sih Israel membuat kekacauan dimana². Itu membuat geram negara² lain;hate
indodisc_759;بِسْم الله الرحمن الرحيم. Assalaamu’alaikum warahmatullahi wabarakatuh. اللهم صَل على محمد وعلى آل محمد. PROPAGANDA (jualan syiah) untuk menarik simpati : 1.Media (jubir) milik wahyudi koar2 wiran MUSUH bebuyutan (Anti) amriki dan Israel (aslinya mereka sohib) cross mark 2.Demo alasan jihad (aslinya)buat kerusakan jatuhkan pemerintah sah,diganti dia) cross mark 3.Persatuan islam Sunni -syiah (gak mungkin hak dan batil bersatu,aslinya bantai sunni) cross mark;hate
indodisc_5396;ANTARANEWS Jika perang Gaza tak berakhir, Hamas tak akan bebaskan tentara Israel;not-hate
indodisc_15661;SF WJC2023! Indonesia berhasil menang 3-1 atas Prancis setelah Naya/Ara bukukan kemenangan straight games di laga keempat. Indonesia masih menunggu pemenang antara Chinese Taipei vs Thailand yg masih berlangsung. Pilih mana? TPE or THA? Tahun lalu kita kalah di SF dari TPE.;not-hate
indodisc_23751;Kerja capek Gak kerja capek Lebih baik jadi Rohingya aja sleeping face;not-hate
indodisc_3463;"NU Garis Lucu @USER ""Kita inginkan pemilu ini sejuk, rukun dan penu kekeluargaan Komunitas Katolik Garis Lucu 9jam @USER jalan Raya di Jakarta sebaiknya hari ini mengindari jalan sekitar KPU, karena Ada iring2an acara keluarga. nugarislucu";not-hate
indodisc_20530;Mangkraknya Proyek Sodetan Ciliwung Sengaja Dibiarkan Anies Yahudi Israel Ngelunjak Shopeepay Karni Ilyas Kompas Khilaf Pak Jokowi ONLYFUN Adekmu CPNS Ferrari Dana 20.00 WIB Pluim Siang Lukas Enembe Alwi 5 SD Perang;hate
indodisc_10387;Review Asus VivoBook 14 A416MAO FHD426: Harga Terjangkau, Andalkan Layar Resolusi Full HD Laptophia 10 Oktober Gibran Hujan Yahudi Gaza Giselle Bandung Setannya Nestle Chelsea Ngelunjak Bangtan Arab;not-hate
indodisc_11364;65 juta/ Minggu. Per bulan 260 juta. Itu per orang. Dana yang dihambur-hamburkan berasal dari sumbangan negara-negara yang dikontrol Zionis seperti Amerika (dari uang pajak rakyatnya) dan dari perusahaan-perusahaan pendukung penjajah (McD, AXA Insurance dll).;hate
indodisc_1435;"Arsip: Orang-orang Yahudi tiba di Palestina dengan kapal dari benua Eropa. Untuk mendapat belas kasihan kapal ini menulis, ""Jerman menghancurkan keluarga kami, jangan hancurkan harapan terakhir kami"" Palestina menyambut orang-orang Yahudi ini dengan tangan terbuka, kemudian mereka mencaplok rumah, tanah, dan kota-kota Palestina, lalu membunuh & mengusir orang-orang Palestina. Arsip: Orang-orang Yahudi tiba di Palestina dengan kapal dari benua Eropa. Untuk mendapat belas kasihan kapal ini menulis, ""Jerman menghancurkan keluarga kami, jangan hancurkan harapan terakhir kami"" Palestina menyambut orang-orang Yahudi ini dengan tangan terbuka, kemudian mereka mencaplok rumah, tanah, dan kota-kota Palestina, lalu membunuh & mengusir orang-orang Palestina.";hate
indodisc_11989;Aku nk tgk video2 yg tersebar pon x sanggup but kena share juga untuk patahkan propaganda zionist dan israel laknatullah. Mereka menipu dunia dgn berita palsu;not-hate
indodisc_2933;Gess.. dah gila lu pada.. ribut gara2 kyu mau dibikin nama fanclub baru??? Busett deh, dia tetep member suju kok gesss. gak usah panik panik ajaib gitu napa. lagian wajar kan sekarang dia solo activity-nya udah ada yg handle sendiri, masa gak boleh punya identitas sebagai solois?;hate
indodisc_3780;"Piw! Moots anyone? Mau punya lebih banyak LGBTQ+ friends. Btw, aku punya bbrp interest juga; mbti, Kpop (ptg, izone), Anime (aot, jjk), and Games (dbd, ml, idv). Leave a trace, nanti aku follow duluan. Let's be friends sparkling heart";not-hate
indodisc_13669;Km suka dihina ???????? Dihh orgiL;hate
indodisc_731;"Yg takut Anis Baswedan Muhaimin jadi presiden Yg pertama PKI tolol ga tau diri Kedua tukang maling duit negara Ketiga tukang korupsi Ke empat bazer otak somplal Kelima pendukung yahudi pesek Ke enam anjing anjing piara an kaum munafikun hasud iridengki """" anismuhaiminmenag anisprediden pkitamat";hate
indodisc_24612;Anies gak ada Prestasinya . . . SURYA PALOH nyesel Seumur Hidup Sudah Mendeklarasikan ANIES BASWEDAN Sebagai CAPRES Dari Partai NASDEM – Seorang Ahmad Dhani Aja Tau Kalau ANIES BASWEDAN itu Cuma Bisanya Pencitraan Aja, Sedangkan Prestasi Aja Ga Ada Surya Paloh Menyesal Dukung Anies Sebagai Capres;hate
indodisc_19183;Wooww masih speechless sama bujank2 aku ateez gila keren banget loudly crying face loudly crying face Seneng banget liat mereka se enjoy itu dan totalitas bgt loudly crying face loudly crying face Keren banget loudly crying face loudly crying face;not-hate
indodisc_24083;@USER Masih pagi udah gila aja Wkwkwkwkwk loudly crying face loudly crying face;not-hate
indodisc_11396;Israel Bersumpah 'Balas Dendam' Usai Hari Paling Mematikan dalam 50 Tahun;hate
indodisc_450;Anies terlihat gugup di acara Mata Najwa dan hanya bisa ngoceh kagak jelas, Parah..!! TikTok Mata Najwa Kamis Gege TKA China Poland Raisa;hate
indodisc_16183;Memang bener sekali bahwa keputusan MKMK membuat pencalonan Gibran Rakabuming Raka sebagai cawapres Prabowo menjadi cacat hukum dan cacat moral. Cawapres Cacat Hukum;hate
indodisc_6565;As boleh kirim senjata u bantu israel kenapa negara lain tdk boleh krm bantuan senjata ke palestina. AS Kirim Kapal Perang & Jet Tempur Bantu Israel Serang Hamas;hate
indodisc_292;HSBC BWF Worl Tour CHINA V SETANAY SONESIA WARVEN CHINA MASTERS 2023 YO MEN'S DOUBLES ROUND OF 16 Mohammad Ahsan Hendra Setiawan Liang Weikeng Liang [2] Wang Chang 17 17 21 21 Photo: Badmintalk Results Update of China Masters 2023 - R16 Sayang sekali Daddies dihadang oleh Liang/Wang! Tetap semangat dan come back stronger! flexed biceps Foto: Badmintalk china shenzhen chinamasters2023 badmintalk badmintoneurope juara champion winner brilliant amazing incredible awesome badminton badmintonplayer love indonesia bulutangkis 羽毛球 バドミントン 배드민턴;not-hate
indodisc_9914;"OKEzone com LengkapCepatBeritanya NEWS Digempur Serangan 5.000 Roket Hamas, Benjamin Netanyahu: Israel Sedang Berperang dan Kita Akan Menang stimewa Perdana Menteri (PM) Israel Benjamin Netanyahu mengeluarkan peringatan keras bagi warganya jika Israel sedang berperang. Hal ditegaskan Netanyahu usai serangan 5.000 roket yang ditembakkan Hamas ke Israel pada Sabtu (7/10/2023). ""Warga Israel, kita sedang berperang. Ini bukan operasi, bukan eskalasi, ini perang. Hamas megaku beratnggung jawab di balik serangan itu. Petugas medis mengatakan tembakan roket menewaskan sedikitnya satu warga Israel, seorang wanita berusia 60-an. Temukan berita menarik lainnya: Okezonecom israel hamas";not-hate
indodisc_8493;Dg Semangat kita terjang yg menghalangi,termasuk yg gemoy(gendut malehoy). love you gesture love you gesture love you gesture;hate
indodisc_12886;menyatakan bahwa China merupakan negara tujuan ekspor terbesar dengan jumlah 326 juta ton, diikuti oleh India dengan 131 juta ton. Sementara itu, Jepang, Korea Selatan, dan Taiwan juga menjadi pengimpor batu bara terbesar dari Indonesia.;not-hate
indodisc_24080;“Puncak dagelan pemilik kekuasaan besar negara. Demokrasi dibikin hancur sama dirinya. PrabowoHausKekuasaan PrabowoCapresAbadi PrabowoGibranTakutDebat KPU Hilangkan Debat Khusus Cawapres, Berikut Sejumlah Alasannya DEMI MENGEMBAN MISI PENYELAMATAN GIBRAN WARGANET: ATUR AJA SELAGI MASIH BERKUASA” KPU HILANGKAN DEBAT UNTUK CAWAPRES DI PILPRES 2024;hate
indodisc_7438;5 November 2023, Dua Juta Orang Bakal Turun ke Monas JAKARTA, Waspada.co.id – Majelis Ulama Indonesia (MUI) bersama tokoh lintas agama akan menggelar Aksi Akbar Aliansi Rakyat Indonesia Bela Palestina. Rencananya aksi ini akan digelar di Monas, Minggu (5/11) mendatang. Ketua Acara Aksi KH Bachtiar Nasir mengatakan acara ini akan melibatkan tokoh-tokoh lintas agama, baik Kristen, Budha, dan Hindu. “Besok adalah aksi kemanusiaan, dan Palestina milik semua umat beragama. Maka kita semua harus bergerak,” ujar UBN sapaan akrabnya dalam Konferensi Pers di Gedung MUI, Kamis (2/11). Diperkirakan massa yang akan hadir dalam aksi mendatang sekitar dua juta orang. Ketua MUI Bidang Hubungan Luar Negeri Prof Sudarnoto Abdul Hakim pun mengatakan ormas-ormas keagamaan dijadwalkan akan hadir pada aksi tersebut untuk memberikan orasinya. Selengkapnya: HTTPURL monas palestine mui waspadaonline;not-hate
indodisc_18139;Rekor terbaik personal atau personal best baru saja dibukukan oleh pelari Agus Prayogo pada kategori putra dan Odekta Elvina Naibaho di kategori putri nomor lari maraton Asian Games Hangzhou, China 2022. VideoBerita AdadiKompas;not-hate
indodisc_4358;Mahmoud Abbas memperingatkan Israel tak mengubah konflik menjadi pertikaian agama;not-hate
indodisc_10366;Cepat777 & Cepat 777 Games Online jamin Puas RonyxAgakLaen Gen 3 Gen 5 Ngelunjak Iran WE ARE SO PROUD OF YOU Kompas Hamas nabilataqiyyah Gen 4 Israel SalmaAtPitikaApps2023 WINTERxMAMONDE BRImo Puck Yahudi Alwi cepat777;not-hate
indodisc_23913;@USER Propaganda murahan di percaya, guoblok banget... israel udah krisis kepercayaan international HTTPURL;hate
indodisc_25374;@USER PENJAJAH ZIONIS TERORIS ISRAEL,PENJAJAH PLAYING VICTIM MERASA JADI KORBAN, HAMAS PEJUANG KEMERDEKAAN PALESTINA,ANJING ZIONIS PROPAGANDA LU TDK LAKU RAKYAT INDONESIA CERDAS SMART HALOO PENJAJAH KALAU INGIN TENTRAM DAMAI DUNIA,PERGI LU PENJAJAH BABI ZIONIS ISRAEL DARI PALESTINA zany face HTTPURL;hate
indodisc_5740;"KH.Ahmad Dahlan & KH.Hasyim Asy'ari pulang ke Jawa DENGAN TUJUAN UTAMA syi'ar serta menghalau laju tachayul churafat bidat syirik sesat seiring semakin banyaknya pelarian dan imigran ARAB dr HIJAZ ( JAZIRAH ARAB bermadzab syiah YG UMUMNYA KERJANYA SBG MARKUB ( MAKELAR RITUAL KUBURAN DI MAKKAH MADINAH ,pelaku pemujaan dan ritual doa/ memohon dg berperantara kpd makhkuk/org mati/arwah/ reliq dan benda2 mati yg mereka pujasucikan), sebagian dr mereka kaum sesat itu sebagian sengaja diimpor/ DIDATANGKAN oleh penjajah KE NUSANTARA ini guna merusak Islam , adu domba, sebar tachayul, churafat, bidat, syrik, kisah2 riwayat palsu untuk kerja merusak ISLAM DAN MENYESATKAN UMAT nereka diberi bayaran dan kelas lebih tinggi dari kaum pribumi ygmn jelas2 sbg tuan rumah di negerinya sendiri. PRIBUMI AKAR RUMPUT KHUSUSNYA WARGA NAHDLIYIN DAN KAUM MUSLIM PADA UMUMNYA HARUS CERDAS DAN WASPADA AGAR TIDAK MUDAH DISESATKAN, DIRENDAHKAN/ DIREMEHKAN OLEH KAUM GOLONGAN PENYESAT UMAT - ANTEK YAHUDI SYIAH YG CMA PAMER2 NASAB, PAMER MIMPI, TERIAK2 NGAKU2 DZURIYAH NABI ( PADAHAL GAK ADA BUKTI ILMIAHNYA, SILSILAH PALSU KARANGAN2 AJ , TERIAK² NGAKU² KETEMU SALAMAN OMONG²AN DG NABI , ITU HOAX SEMUA. PASCA MENINGGALNYA NABI MUHAMMAD صَلَّى اللهُ عَلَيْهِ وَسَلَّمَ GAKADA HADITS SHAHIH YG MERIWAYATKAN BAHWASANYA KHULAFAURRASYIDIN KETEMU DIALOG DG NABI صَلَّى اللهُ عَلَيْهِ وَسَلَّمَ APAKAH LAYAK KITA PERCAYA OCEHAN ORANG² YG GAKJELAS, MAIN ASAL KLAIM AJ BUAT 7AN² RECEHAN MEREKA. HARUS SELALU WASPADA AGAR SUPAYA GAK MUDAH DISESATKAN ORANG2 YG PURA2 NGAKU2 ASWAJA PADAHAL NYATA2 DARI WATAK, BICARA & SIKAPNYA MEREKA ADALAH ASBENGKOK ( ASAL MBENGOK2 THOK ) PEMALAS, PENJUAL AYAT , PENEBAR FITNAH DAN ADU DOMBA, PENYESAT UMAT, PENJUAL BUIH"" KEDUSTAAN - FITNAH & PERTIKAIAN SERTA PERPECAHAN. PRIBUMI HARUS CERDAS !!! JAUHI MARKUB ( MAKELAR RITUAL KUBURAN) SESAT.";hate
indodisc_24699;Setuju banget. Semoga Indonesia juga bisa tegas gak putih abu2. Kaget juga kmren baca salah satu postingan recruitment NGO HIV yg memperbolehkan kelompok LGBT utk mendaftar. smiling face with tear Kaget sampe bisa go public.;hate
indodisc_13459;Akses Internet di Gaza Kolaps Lagi Akibat Serangan Israel;not-hate
indodisc_1330;Resolusi PBB agar dilakukan gencatan senjata ditolak mentah-mentah oleh Israel. PM Netanyahu sendiri yang mengungkapkan bahwa ini tak akan terjadi. Korban jiwa dari Palestina sendiri saat ini sudah melampaui angka 8 ribu jiwa, lebih dari setengah di antaranya perempuan dan anak-anak. Bukan tak mungkin angka ini terus bertambah, seiring terus gencarnya serangan militer Israel. Resolusi PBB agar dilakukan gencatan senjata ditolak mentah-mentah oleh Israel. PM Netanyahu sendiri yang mengungkapkan bahwa ini tak akan terjadi. Korban jiwa dari Palestina sendiri saat ini sudah melampaui angka 8 ribu jiwa, lebih dari setengah di antaranya perempuan dan anak-anak. Bukan tak mungkin angka ini terus bertambah, seiring terus gencarnya serangan militer Israel.;not-hate
indodisc_2901;Meski awannya membentuk love tapi nyatanya kamu ga di berhak di love in smiling face with tear gila panasnya nusuk coyy dan akhirnya nemu truk hot face;not-hate
indodisc_21249;Minggu kemarin nangisin jessica, 2 hari ini gw update-in peperangan israel dan palestina, gw sambil nangis dan membalas komentar orang yg menyebut palestin teroris.;not-hate
indodisc_21276;YAHUDI DUKUNG PALESTINA MENGEJUTKAN... MAYORITAS YAHUDI DUNIA DUKUNG KEMERDEKAAN PALESTINA double exclamation mark DukungPalestinaMerdeka DukungPalestinaMerdeka SOS button OK button;not-hate
indodisc_13671;Untung aku ciptaan tuhan, kalau made in cina mungkin udh. sleepy face ( EFEK Global warming globe showing Americas name badge ) GlobalWarming indonesia;not-hate
indodisc_22536;CHINA MENARA4D 26oktober2023 RESULT : 7542 SHIO : ANJING BAGI YANG JP SILAKAN ISI FORM WD menara4d bandartogelonline togel togeltCHINA resultCHINA slotgacor menara4dgacor menarahoki dibayarberapapun prediksijitu LINK :;not-hate
indodisc_10999;Tesla rilis model Y versi terbaru di China;not-hate
indodisc_1197;Masih ingatkan ketika ganjar dihujat seluruh Indonesia hanya karena tolak timnas Israel (REAL )tidak peduli popularitas menurun sekarang para capres sok jdii pahlawan dg janji janji bebaskan palestina salam waras GAMA tak umbar janji tapi mengabdi untuk rakyat;hate
indodisc_1295;JANGAN BIARKAN PASANGAN CAPRES YG CACAT HUKUM UNTUK BERKUASA PRABOWO - GIBRAN PASANGAN CACAT HUKUM;hate
indodisc_2305;rj Jawa Barat Nasional Politik Ekonomi Hadiri Do'a Bersama di Pesantren Minggir Sleman Yogyakarta, Mahfud MD Minta Allah Binasakan Israel Amus Mustaqim Minggu, 5 November 2023 10:31 WIB Waduh idolaku kok doanya begini ya? By: HT;hate
indodisc_21767;Sumpah bukan rasis ya,Anjir serem bet mimpi gw,rmh gw kemasukan orang China gila,ngusir2 gitu bawa celurit,ya gw reflek gw tembak ada pistol di sebelah gw.;hate
indodisc_22039;Dengan tegas menyatakan: selama zionis & sekutunya melakukan kezaliman, kami boikot;hate
indodisc_20591;"Israel masih ""mengizinkan koridor"" bagi para penduduk Jalur Gaza bagian utara dan Kota Gaza untuk menuju ke daerah selatan. Israel, kata Hagari, ""akan terus menyerang dengan kuat dan mengintensifkan operasi darat Israel di Jalur Gaza utara dan Kota Gaza secara lebih luas"".";not-hate
indodisc_9181;MUI Beberkan Alasan Keluarkan Fatwa Boikot Produk Terafiliasi Israel @USER;not-hate
indodisc_9490;Mbahtoto - Syair Togel ISRAEL 06 OKTOBER 2023 link daftar : ……………………………… mbahtoto: syairmbahtoto syairisrael bocoranisrael prediksiisrael israel prediksijitu prediksitogelisrael bocoranisrael;not-hate
indodisc_19788;Gibran Patut Diduga Cawapres Produk Putusan Cacat Hukum. Gibran Cawapres Ilegal;not-hate
indodisc_21658;No 1 LGBT Bu Mega Rahmania Astrini 15 M Menang Total Depok Viva La Vida No 2 BABYMONSTER IS 7 Freeport Cucu Pak Ganjar Hindia Rabu Ahyeon Galaxy S23 FE No 3;not-hate
indodisc_16240;Indonesia mengutuk dan mengecam keras kejahatan rezim Zionis Penjajah Israel terhadap rakyat Palestina di Jalur Gaza. IndonesiaBelaPalestina;not-hate
indodisc_7044;Ketum-ketum partai besar lagi diuji...hanya bisa plangak-plongok...antara kekuasaan..jabatan atau keberpihakan kepada rakyat...yang notabene kalah dgn belimbing sayur...apakah ini yang di namakan dengan dengkulisasi...miris elit politik semakin sinting...;hate
indodisc_27709;Menteri Koordinator Bidang Politik, Hukum, dan Keamanan (Menko Polhukam) Mahfud MD menegaskan Indonesia mempunyai hak untuk mengusir pengungsi Rohingya.;not-hate
indodisc_6296;Efek gila jabatan thumbs down thumbs down;not-hate
indodisc_19738;Emng kesalahan cok nemenin org galau mabok malah nangis berdua kek orgil;hate
indodisc_5457;W bisa ngapalin jalan dengan cepat dgn google maps. BbUT MAPS GAME??? W BUTA BGT BJINGAN. KYK???? O;hate
indodisc_22333;Fak, baca jurnal politik hukum di china seru bat ternyata;not-hate
indodisc_8546;Drama imersif pukau pengunjung di Museum Zhangyuan di Tianjin, China ://;not-hate
indodisc_22824;Rusia vs Ukraina(amerika) Palestina vs israel WW3? Allah Maha Tahu;not-hate
indodisc_8700;Di Tepi Barat, israel Bunuh Pelayat Yang Antar Jenazah Korban Pembunuhan israel ://;hate
indodisc_1147;Ayooo !kita dukung pak Anis dan pak amin untuk perubahan,supaya tidak ada lagi manusia manusia kotor dan bodoh yg duduk di pemerintahan Republik Indonesia.;hate
indodisc_4536;Selamat Malam Minggu Malming Fizi Saosin Audrey Pengen banget Fun DM yok Gay Jogja Brondong Jogja Gay Jogjakarta Jogja crot Jogja lendir Jogja birahi pasutri jogja;hate
indodisc_11773;Udah enek minta maaf berkali2 Tetep bikin sinting anjgggg;hate
indodisc_13680;Presenter TV Palestine Today Wissam Al-Maqousi berduka atas kematian ibunya yg menjadi syahid bersama sejumlah anggota keluarga beberapa hari yang lalu ketika pesawat zionis membom rumah mereka di Jalur Gaza Tetap jaga semangatmu My Brother;not-hate
indodisc_18215;Terbukti Zionis tak punya nyali. Pengecut. Laknatullah Alaih.;hate
indodisc_21062;dunia udah terlalu sinting karena keserakahan dan ambisi menghalalkan segala cara untuk kepentingan pribadi sampai menyerang pribadi;not-hate
indodisc_3239;round pushpin Kedatangan kembali merek otomotif Chery asal China ke Indonesia di tahun 2023 ini terbukti cukup ampuh. Adalah Chery Omoda 5 yang bermain di segmen Compact SUV cukup berhasil menjadi game changer. Simak artikelnya di mobile phone with arrow ://;not-hate
indodisc_21258;Asli Gue baru kali ini ketemu Ama fans yg berasa mereka itu pusat dunia,,seluruh dunia harus berputar disekeliling mereka doang,,merasa idol mereka doang yang paling disukai face with rolling eyes membabi buta nyerang orang lain yg gak sependapat sama expressionless face Sipaling yawning face;hate
indodisc_10211;iNews NEWS Tentara Israel Rayakan Ulang Tahun Anaknya dengan Meledakkan Gedung di Gaza Foto: Istimewa Seorang tentara Israel meledakkan gedung di Jalur Gaza untuk merayakan ulang tahun anaknya menjadi viral. Tentara tersebut mendapat kecaman luas oleh netizen di berbagai platform media sosial. Dalam video berdurasi 43 detik itu tampak seorang anggota Pasukan Pertahanan Israel (IDF) memberikan perintah untuk meledakkan gedung yang berada beberapa ratus meter di belakangnya. “Saya mendedikasikan ledakan ini untuk putri saya ‘Ayala’ pada hari ulang tahunnya, saat dia berusia 2 tahun hari ini,” kata tentara itu berbicara dalam bahasa Ibrani, seperti dilaporkan kembali Arabnews. Baca selengkapnya iNews news israel palestina gaza international savepalestine palestine;not-hate
indodisc_8162;Seorang gadis Palestina berusia 11 tahun yang mengalami gangguan pendengaran ditembak di wajahnya dengan granat setrum oleh pasukan Israel di Yerusalem Timur – Inilah kebiadaban israel IsraelIsATerrorist Gaza Gaza_Geniocide;hate
indodisc_10980;pingin ndelok gendut maido mahatir pas on air rolling on the floor laughing;not-hate
indodisc_18823;ZIONIS YAHUDI BIADAB LAKNATTULLAH PENGECUT DAN AS ANJING SETAN TERORIS PECUNDANG .;hate
indodisc_1186;Setanyahu Anak iblis !!;hate
indodisc_2481;"‎'‎THALABUL THBULILMI.10 النصبحة BUNI PALESTINA Bukan Hak Milik YAHUDI Berkata asy- Syaikh Muhammad bin Shalih al-'Utsaimin rahimahullah, Orang-orang -orang yahudi yang hidup sekarang TIDAK MEMILIKI HAK APAPUN DINEGERI PALESTINA MAUPUN DIBUMI ALLAH َجلة LAINNYA Bahkan, mereka tidak mempunyai hak apapun di muka bumi ini selama selama-lamanya Mereka atau orang-orang kafir dari jenis manapun tidak mempunyai hak tinggal di muka bumi..!! Tafsir Surah an-Nur, hlm. 255. Instagram an Nashiihah daily Instagram T‎'‎ BUMI PALESTINA BUKAN HAK MILIK YAHUDI! black small square Berkata asy-Syaikh Muhammad bin Shalih al-'Utsaimin rahimahullah, ""Orang-orang yahudi yang hidup sekarang tidak memiliki hak apapun di negeri Palestina, maupun di bumi Allah ﷻ lainnya. Bahkan (dengan sebab ini) kami meyakini dengan pasti mereka akan berhasil merebut kembali bumi mereka!"". Tafsir Surah an-Nur, hlm. 255. Silakan follow kami @USER @";hate
indodisc_22003;Menurut IDF, sebagaimana dilansir Maariv, alasan Israel meledakkan ambulans adalah, karena itu digunakan oleh teroris. Via : risalah_amar Alasan mulu anjirrrrrrrrrrr PENIPU, PEMBOHONG, BAHAN BAKAR NERAKA LO SEMUA IDF.;hate
indodisc_19314;Prabowo-Airlangga Hartarto, Pasangan Terkuat di Pilpres 2024. TikTok Gojo TKA China Brazil Lula airlanggacawapres airlanggacenter prabowosubianto prabowo @USER;not-hate
indodisc_1889;Saya tidak mau memberikan suara saya untuk capres psikopat, cacat pikir, dan pendukung perilaku koruptif. Suara saya untuk capres dan cawapres sehat pikir, sehat mental , dan musuh perilaku koruptif. Suaraku untuk Ganjar - Mahfud.;hate
